D:\Madhav Rajpal\Sem 8 college\CV\Final Assignment\Data\IMG\center_2026_08_03_20_17_23_567.jpg,D:\Madhav Rajpal\Sem 8 college\CV\Final Assignment\Data\IMG\left_2026_08_03_20_17_23_567.jpg,D:\Madhav Rajpal\Sem 8 college\CV\Final Assignment\Data\IMG\right_2026_08_03_20_17_23_567.jpg,-0.01764706,1,0,13.89498
D:\Madhav Rajpal\Sem 8 college\CV\Final Assignment\Data\IMG\center_2026_08_03_20_17_23_645.jpg,D:\Madhav Rajpal\Sem 8 college\CV\Final Assignment\Data\IMG\left_2026_08_03_20_17_23_645.jpg,D:\Madhav Rajpal\Sem 8 college\CV\Final Assignment\Data\IMG\right_2026_08_03_20_17_23_645.jpg,-0.1294118,1,0,14.77378
D:\Madhav Rajpal\Sem 8 college\CV\Final Assignment\Data\IMG\center_2026_08_03_20_17_23_722.jpg,D:\Madhav Rajpal\Sem 8 college\CV\Final Assignment\Data\IMG\left_2026_08_03_20_17_23_722.jpg,D:\Madhav Rajpal\Sem 8 college\CV\Final Assignment\Data\IMG\right_2026_08_03_20_17_23_722.jpg,-0.1941176,1,0,15.63304
D:\Madhav Rajpal\Sem 8 college\CV\Final Assignment\Data\IMG\center_2026_08_03_20_17_23_797.jpg,D:\Madhav Rajpal\Sem 8 college\CV\Final Assignment\Data\IMG\left_2026_08_03_20_17_23_797.jpg,D:\Madhav Rajpal\Sem 8 college\CV\Final Assignment\Data\IMG\right_2026_08_03_20_17_23_797.jpg,-0.2,1,0,16.45754
D:\Madhav Rajpal\Sem 8 college\CV\Final Assignment\Data\IMG\center_2026_08_03_20_17_23_872.jpg,D:\Madhav Rajpal\Sem 8 college\CV\Final Assignment\Data\IMG\left_2026_08_03_20_17_23_872.jpg,D:\Madhav Rajpal\Sem 8 college\CV\Final Assignment\Data\IMG\right_2026_08_03_20_17_23_872.jpg,-0.2176471,1,0,17.30508
D:\Madhav Rajpal\Sem 8 college\CV\Final Assignment\Data\IMG\center_2026_08_03_20_17_23_947.jpg,D:\Madhav Rajpal\Sem 8 college\CV\Final Assignment\Data\IMG\left_2026_08_03_20_17_23_947.jpg,D:\Madhav Rajpal\Sem 8 college\CV\Final Assignment\Data\IMG\right_2026_08_03_20_17_23_947.jpg,-0.2176471,1,0,17.93824
D:\Madhav Rajpal\Sem 8 college\CV\Final Assignment\Data\IMG\center_2026_08_03_20_17_24_024.jpg,D:\Madhav Rajpal\Sem 8 college\CV\Final Assignment\Data\IMG\left_2026_08_03_20_17_24_024.jpg,D:\Madhav Rajpal\Sem 8 college\CV\Final Assignment\Data\IMG\right_2026_08_03_20_17_24_024.jpg,-0.2176471,1,0,18.75204
D:\Madhav Rajpal\Sem 8 college\CV\Final Assignment\Data\IMG\center_2026_08_03_20_17_24_099.jpg,D:\Madhav Rajpal\Sem 8 college\CV\Final Assignment\Data\IMG\left_2026_08_03_20_17_24_099.jpg,D:\Madhav Rajpal\Sem 8 college\CV\Final Assignment\Data\IMG\right_2026_08_03_20_17_24_099.jpg,-0.2176471,1,0,19.56255
D:\Madhav Rajpal\Sem 8 college\CV\Final Assignment\Data\IMG\center_2026_08_03_20_17_24_178.jpg,D:\Madhav Rajpal\Sem 8 college\CV\Final Assignment\Data\IMG\left_2026_08_03_20_17_24_178.jpg,D:\Madhav Rajpal\Sem 8 college\CV\Final Assignment\Data\IMG\right_2026_08_03_20_17_24_178.jpg,-0.1176471,1,0,20.3715
D:\Madhav Rajpal\Sem 8 college\CV\Final Assignment\Data\IMG\center_2026_08_03_20_17_24_252.jpg,D:\Madhav Rajpal\Sem 8 college\CV\Final Assignment\Data\IMG\left_2026_08_03_20_17_24_252.jpg,D:\Madhav Rajpal\Sem 8 college\CV\Final Assignment\Data\IMG\right_2026_08_03_20_17_24_252.jpg,0.1117647,1,0,21.15257
D:\Madhav Rajpal\Sem 8 college\CV\Final Assignment\Data\IMG\center_2026_08_03_20_17_24_320.jpg,D:\Madhav Rajpal\Sem 8 college\CV\Final Assignment\Data\IMG\left_2026_08_03_20_17_24_320.jpg,D:\Madhav Rajpal\Sem 8 college\CV\Final Assignment\Data\IMG\right_2026_08_03_20_17_24_320.jpg,0.2411765,1,0,21.73759
D:\Madhav Rajpal\Sem 8 college\CV\Final Assignment\Data\IMG\center_2026_08_03_20_17_24_398.jpg,D:\Madhav Rajpal\Sem 8 college\CV\Final Assignment\Data\IMG\left_2026_08_03_20_17_24_398.jpg,D:\Madhav Rajpal\Sem 8 college\CV\Final Assignment\Data\IMG\right_2026_08_03_20_17_24_398.jpg,0.2882353,1,0,22.47009
D:\Madhav Rajpal\Sem 8 college\CV\Final Assignment\Data\IMG\center_2026_08_03_20_17_24_467.jpg,D:\Madhav Rajpal\Sem 8 college\CV\Final Assignment\Data\IMG\left_2026_08_03_20_17_24_467.jpg,D:\Madhav Rajpal\Sem 8 college\CV\Final Assignment\Data\IMG\right_2026_08_03_20_17_24_467.jpg,0.2882353,1,0,23.02431
D:\Madhav Rajpal\Sem 8 college\CV\Final Assignment\Data\IMG\center_2026_08_03_20_17_24_536.jpg,D:\Madhav Rajpal\Sem 8 college\CV\Final Assignment\Data\IMG\left_2026_08_03_20_17_24_536.jpg,D:\Madhav Rajpal\Sem 8 college\CV\Final Assignment\Data\IMG\right_2026_08_03_20_17_24_536.jpg,0.2882353,1,0,23.79412
D:\Madhav Rajpal\Sem 8 college\CV\Final Assignment\Data\IMG\center_2026_08_03_20_17_24_615.jpg,D:\Madhav Rajpal\Sem 8 college\CV\Final Assignment\Data\IMG\left_2026_08_03_20_17_24_615.jpg,D:\Madhav Rajpal\Sem 8 college\CV\Final Assignment\Data\IMG\right_2026_08_03_20_17_24_615.jpg,0.2882353,1,0,24.56161
D:\Madhav Rajpal\Sem 8 college\CV\Final Assignment\Data\IMG\center_2026_08_03_20_17_24_693.jpg,D:\Madhav Rajpal\Sem 8 college\CV\Final Assignment\Data\IMG\left_2026_08_03_20_17_24_693.jpg,D:\Madhav Rajpal\Sem 8 college\CV\Final Assignment\Data\IMG\right_2026_08_03_20_17_24_693.jpg,0.2882353,1,0,25.32523
D:\Madhav Rajpal\Sem 8 college\CV\Final Assignment\Data\IMG\center_2026_08_03_20_17_24_771.jpg,D:\Madhav Rajpal\Sem 8 college\CV\Final Assignment\Data\IMG\left_2026_08_03_20_17_24_771.jpg,D:\Madhav Rajpal\Sem 8 college\CV\Final Assignment\Data\IMG\right_2026_08_03_20_17_24_771.jpg,0.2647059,1,0,25.89609
D:\Madhav Rajpal\Sem 8 college\CV\Final Assignment\Data\IMG\center_2026_08_03_20_17_24_841.jpg,D:\Madhav Rajpal\Sem 8 college\CV\Final Assignment\Data\IMG\left_2026_08_03_20_17_24_841.jpg,D:\Madhav Rajpal\Sem 8 college\CV\Final Assignment\Data\IMG\right_2026_08_03_20_17_24_841.jpg,0.1823529,1,0,26.66187
D:\Madhav Rajpal\Sem 8 college\CV\Final Assignment\Data\IMG\center_2026_08_03_20_17_24_920.jpg,D:\Madhav Rajpal\Sem 8 college\CV\Final Assignment\Data\IMG\left_2026_08_03_20_17_24_920.jpg,D:\Madhav Rajpal\Sem 8 college\CV\Final Assignment\Data\IMG\right_2026_08_03_20_17_24_920.jpg,0.01764706,1,0,27.42301
D:\Madhav Rajpal\Sem 8 college\CV\Final Assignment\Data\IMG\center_2026_08_03_20_17_24_999.jpg,D:\Madhav Rajpal\Sem 8 college\CV\Final Assignment\Data\IMG\left_2026_08_03_20_17_24_999.jpg,D:\Madhav Rajpal\Sem 8 college\CV\Final Assignment\Data\IMG\right_2026_08_03_20_17_24_999.jpg,-0.1941176,1,0,28.11825
D:\Madhav Rajpal\Sem 8 college\CV\Final Assignment\Data\IMG\center_2026_08_03_20_17_25_073.jpg,D:\Madhav Rajpal\Sem 8 college\CV\Final Assignment\Data\IMG\left_2026_08_03_20_17_25_073.jpg,D:\Madhav Rajpal\Sem 8 college\CV\Final Assignment\Data\IMG\right_2026_08_03_20_17_25_073.jpg,-0.2470588,1,0,28.79582
D:\Madhav Rajpal\Sem 8 college\CV\Final Assignment\Data\IMG\center_2026_08_03_20_17_25_148.jpg,D:\Madhav Rajpal\Sem 8 college\CV\Final Assignment\Data\IMG\left_2026_08_03_20_17_25_148.jpg,D:\Madhav Rajpal\Sem 8 college\CV\Final Assignment\Data\IMG\right_2026_08_03_20_17_25_148.jpg,-0.2705882,1,0,29.32057
D:\Madhav Rajpal\Sem 8 college\CV\Final Assignment\Data\IMG\center_2026_08_03_20_17_25_226.jpg,D:\Madhav Rajpal\Sem 8 college\CV\Final Assignment\Data\IMG\left_2026_08_03_20_17_25_226.jpg,D:\Madhav Rajpal\Sem 8 college\CV\Final Assignment\Data\IMG\right_2026_08_03_20_17_25_226.jpg,-0.3647059,1,0,29.98912
D:\Madhav Rajpal\Sem 8 college\CV\Final Assignment\Data\IMG\center_2026_08_03_20_17_25_296.jpg,D:\Madhav Rajpal\Sem 8 college\CV\Final Assignment\Data\IMG\left_2026_08_03_20_17_25_296.jpg,D:\Madhav Rajpal\Sem 8 college\CV\Final Assignment\Data\IMG\right_2026_08_03_20_17_25_296.jpg,-0.3764706,1,0,30.1787
D:\Madhav Rajpal\Sem 8 college\CV\Final Assignment\Data\IMG\center_2026_08_03_20_17_25_375.jpg,D:\Madhav Rajpal\Sem 8 college\CV\Final Assignment\Data\IMG\left_2026_08_03_20_17_25_375.jpg,D:\Madhav Rajpal\Sem 8 college\CV\Final Assignment\Data\IMG\right_2026_08_03_20_17_25_375.jpg,-0.3764706,1,0,30.18274
D:\Madhav Rajpal\Sem 8 college\CV\Final Assignment\Data\IMG\center_2026_08_03_20_17_25_444.jpg,D:\Madhav Rajpal\Sem 8 college\CV\Final Assignment\Data\IMG\left_2026_08_03_20_17_25_444.jpg,D:\Madhav Rajpal\Sem 8 college\CV\Final Assignment\Data\IMG\right_2026_08_03_20_17_25_444.jpg,-0.3764706,1,0,30.18449
D:\Madhav Rajpal\Sem 8 college\CV\Final Assignment\Data\IMG\center_2026_08_03_20_17_25_512.jpg,D:\Madhav Rajpal\Sem 8 college\CV\Final Assignment\Data\IMG\left_2026_08_03_20_17_25_512.jpg,D:\Madhav Rajpal\Sem 8 college\CV\Final Assignment\Data\IMG\right_2026_08_03_20_17_25_512.jpg,-0.3764706,1,0,30.18585
D:\Madhav Rajpal\Sem 8 college\CV\Final Assignment\Data\IMG\center_2026_08_03_20_17_25_582.jpg,D:\Madhav Rajpal\Sem 8 college\CV\Final Assignment\Data\IMG\left_2026_08_03_20_17_25_582.jpg,D:\Madhav Rajpal\Sem 8 college\CV\Final Assignment\Data\IMG\right_2026_08_03_20_17_25_582.jpg,-0.3294118,1,0,30.19033
D:\Madhav Rajpal\Sem 8 college\CV\Final Assignment\Data\IMG\center_2026_08_03_20_17_25_649.jpg,D:\Madhav Rajpal\Sem 8 college\CV\Final Assignment\Data\IMG\left_2026_08_03_20_17_25_649.jpg,D:\Madhav Rajpal\Sem 8 college\CV\Final Assignment\Data\IMG\right_2026_08_03_20_17_25_649.jpg,-0.2411765,1,0,30.19399
D:\Madhav Rajpal\Sem 8 college\CV\Final Assignment\Data\IMG\center_2026_08_03_20_17_25_725.jpg,D:\Madhav Rajpal\Sem 8 college\CV\Final Assignment\Data\IMG\left_2026_08_03_20_17_25_725.jpg,D:\Madhav Rajpal\Sem 8 college\CV\Final Assignment\Data\IMG\right_2026_08_03_20_17_25_725.jpg,-0.07647059,1,0,30.19246
D:\Madhav Rajpal\Sem 8 college\CV\Final Assignment\Data\IMG\center_2026_08_03_20_17_25_795.jpg,D:\Madhav Rajpal\Sem 8 college\CV\Final Assignment\Data\IMG\left_2026_08_03_20_17_25_795.jpg,D:\Madhav Rajpal\Sem 8 college\CV\Final Assignment\Data\IMG\right_2026_08_03_20_17_25_795.jpg,-0.02941176,1,0,30.18796
D:\Madhav Rajpal\Sem 8 college\CV\Final Assignment\Data\IMG\center_2026_08_03_20_17_25_864.jpg,D:\Madhav Rajpal\Sem 8 college\CV\Final Assignment\Data\IMG\left_2026_08_03_20_17_25_864.jpg,D:\Madhav Rajpal\Sem 8 college\CV\Final Assignment\Data\IMG\right_2026_08_03_20_17_25_864.jpg,-0.005882353,1,0,30.18939
D:\Madhav Rajpal\Sem 8 college\CV\Final Assignment\Data\IMG\center_2026_08_03_20_17_25_936.jpg,D:\Madhav Rajpal\Sem 8 college\CV\Final Assignment\Data\IMG\left_2026_08_03_20_17_25_936.jpg,D:\Madhav Rajpal\Sem 8 college\CV\Final Assignment\Data\IMG\right_2026_08_03_20_17_25_936.jpg,0.02352941,1,0,30.18897
D:\Madhav Rajpal\Sem 8 college\CV\Final Assignment\Data\IMG\center_2026_08_03_20_17_26_006.jpg,D:\Madhav Rajpal\Sem 8 college\CV\Final Assignment\Data\IMG\left_2026_08_03_20_17_26_006.jpg,D:\Madhav Rajpal\Sem 8 college\CV\Final Assignment\Data\IMG\right_2026_08_03_20_17_26_006.jpg,0.04117647,1,0,30.18657
D:\Madhav Rajpal\Sem 8 college\CV\Final Assignment\Data\IMG\center_2026_08_03_20_17_26_082.jpg,D:\Madhav Rajpal\Sem 8 college\CV\Final Assignment\Data\IMG\left_2026_08_03_20_17_26_082.jpg,D:\Madhav Rajpal\Sem 8 college\CV\Final Assignment\Data\IMG\right_2026_08_03_20_17_26_082.jpg,0.08235294,1,0,30.18738
D:\Madhav Rajpal\Sem 8 college\CV\Final Assignment\Data\IMG\center_2026_08_03_20_17_26_153.jpg,D:\Madhav Rajpal\Sem 8 college\CV\Final Assignment\Data\IMG\left_2026_08_03_20_17_26_153.jpg,D:\Madhav Rajpal\Sem 8 college\CV\Final Assignment\Data\IMG\right_2026_08_03_20_17_26_153.jpg,0.1176471,1,0,30.18746
D:\Madhav Rajpal\Sem 8 college\CV\Final Assignment\Data\IMG\center_2026_08_03_20_17_26_231.jpg,D:\Madhav Rajpal\Sem 8 college\CV\Final Assignment\Data\IMG\left_2026_08_03_20_17_26_231.jpg,D:\Madhav Rajpal\Sem 8 college\CV\Final Assignment\Data\IMG\right_2026_08_03_20_17_26_231.jpg,0.1764706,1,0,30.1852
D:\Madhav Rajpal\Sem 8 college\CV\Final Assignment\Data\IMG\center_2026_08_03_20_17_26_303.jpg,D:\Madhav Rajpal\Sem 8 college\CV\Final Assignment\Data\IMG\left_2026_08_03_20_17_26_303.jpg,D:\Madhav Rajpal\Sem 8 college\CV\Final Assignment\Data\IMG\right_2026_08_03_20_17_26_303.jpg,0.2235294,1,0,30.18335
D:\Madhav Rajpal\Sem 8 college\CV\Final Assignment\Data\IMG\center_2026_08_03_20_17_26_383.jpg,D:\Madhav Rajpal\Sem 8 college\CV\Final Assignment\Data\IMG\left_2026_08_03_20_17_26_383.jpg,D:\Madhav Rajpal\Sem 8 college\CV\Final Assignment\Data\IMG\right_2026_08_03_20_17_26_383.jpg,0.2411765,1,0,30.18311
D:\Madhav Rajpal\Sem 8 college\CV\Final Assignment\Data\IMG\center_2026_08_03_20_17_26_452.jpg,D:\Madhav Rajpal\Sem 8 college\CV\Final Assignment\Data\IMG\left_2026_08_03_20_17_26_452.jpg,D:\Madhav Rajpal\Sem 8 college\CV\Final Assignment\Data\IMG\right_2026_08_03_20_17_26_452.jpg,0.2470588,1,0,30.18592
D:\Madhav Rajpal\Sem 8 college\CV\Final Assignment\Data\IMG\center_2026_08_03_20_17_26_533.jpg,D:\Madhav Rajpal\Sem 8 college\CV\Final Assignment\Data\IMG\left_2026_08_03_20_17_26_533.jpg,D:\Madhav Rajpal\Sem 8 college\CV\Final Assignment\Data\IMG\right_2026_08_03_20_17_26_533.jpg,0.2470588,1,0,30.18759
D:\Madhav Rajpal\Sem 8 college\CV\Final Assignment\Data\IMG\center_2026_08_03_20_17_26_602.jpg,D:\Madhav Rajpal\Sem 8 college\CV\Final Assignment\Data\IMG\left_2026_08_03_20_17_26_602.jpg,D:\Madhav Rajpal\Sem 8 college\CV\Final Assignment\Data\IMG\right_2026_08_03_20_17_26_602.jpg,0.2470588,1,0,30.18841
D:\Madhav Rajpal\Sem 8 college\CV\Final Assignment\Data\IMG\center_2026_08_03_20_17_26_679.jpg,D:\Madhav Rajpal\Sem 8 college\CV\Final Assignment\Data\IMG\left_2026_08_03_20_17_26_679.jpg,D:\Madhav Rajpal\Sem 8 college\CV\Final Assignment\Data\IMG\right_2026_08_03_20_17_26_679.jpg,0.2058824,1,0,30.19056
D:\Madhav Rajpal\Sem 8 college\CV\Final Assignment\Data\IMG\center_2026_08_03_20_17_26_750.jpg,D:\Madhav Rajpal\Sem 8 college\CV\Final Assignment\Data\IMG\left_2026_08_03_20_17_26_750.jpg,D:\Madhav Rajpal\Sem 8 college\CV\Final Assignment\Data\IMG\right_2026_08_03_20_17_26_750.jpg,0.1470588,1,0,30.19277
D:\Madhav Rajpal\Sem 8 college\CV\Final Assignment\Data\IMG\center_2026_08_03_20_17_26_824.jpg,D:\Madhav Rajpal\Sem 8 college\CV\Final Assignment\Data\IMG\left_2026_08_03_20_17_26_824.jpg,D:\Madhav Rajpal\Sem 8 college\CV\Final Assignment\Data\IMG\right_2026_08_03_20_17_26_824.jpg,0.01764706,1,0,30.1902
D:\Madhav Rajpal\Sem 8 college\CV\Final Assignment\Data\IMG\center_2026_08_03_20_17_26_901.jpg,D:\Madhav Rajpal\Sem 8 college\CV\Final Assignment\Data\IMG\left_2026_08_03_20_17_26_901.jpg,D:\Madhav Rajpal\Sem 8 college\CV\Final Assignment\Data\IMG\right_2026_08_03_20_17_26_901.jpg,-0.04117647,1,0,30.18926
D:\Madhav Rajpal\Sem 8 college\CV\Final Assignment\Data\IMG\center_2026_08_03_20_17_26_969.jpg,D:\Madhav Rajpal\Sem 8 college\CV\Final Assignment\Data\IMG\left_2026_08_03_20_17_26_969.jpg,D:\Madhav Rajpal\Sem 8 college\CV\Final Assignment\Data\IMG\right_2026_08_03_20_17_26_969.jpg,-0.04117647,1,0,30.18931
D:\Madhav Rajpal\Sem 8 college\CV\Final Assignment\Data\IMG\center_2026_08_03_20_17_27_047.jpg,D:\Madhav Rajpal\Sem 8 college\CV\Final Assignment\Data\IMG\left_2026_08_03_20_17_27_047.jpg,D:\Madhav Rajpal\Sem 8 college\CV\Final Assignment\Data\IMG\right_2026_08_03_20_17_27_047.jpg,-0.04117647,1,0,30.19007
D:\Madhav Rajpal\Sem 8 college\CV\Final Assignment\Data\IMG\center_2026_08_03_20_17_27_118.jpg,D:\Madhav Rajpal\Sem 8 college\CV\Final Assignment\Data\IMG\left_2026_08_03_20_17_27_118.jpg,D:\Madhav Rajpal\Sem 8 college\CV\Final Assignment\Data\IMG\right_2026_08_03_20_17_27_118.jpg,-0.08235294,1,0,30.18903
D:\Madhav Rajpal\Sem 8 college\CV\Final Assignment\Data\IMG\center_2026_08_03_20_17_27_191.jpg,D:\Madhav Rajpal\Sem 8 college\CV\Final Assignment\Data\IMG\left_2026_08_03_20_17_27_191.jpg,D:\Madhav Rajpal\Sem 8 college\CV\Final Assignment\Data\IMG\right_2026_08_03_20_17_27_191.jpg,-0.1176471,1,0,30.18806
D:\Madhav Rajpal\Sem 8 college\CV\Final Assignment\Data\IMG\center_2026_08_03_20_17_27_261.jpg,D:\Madhav Rajpal\Sem 8 college\CV\Final Assignment\Data\IMG\left_2026_08_03_20_17_27_261.jpg,D:\Madhav Rajpal\Sem 8 college\CV\Final Assignment\Data\IMG\right_2026_08_03_20_17_27_261.jpg,-0.1764706,1,0,30.18539
D:\Madhav Rajpal\Sem 8 college\CV\Final Assignment\Data\IMG\center_2026_08_03_20_17_27_329.jpg,D:\Madhav Rajpal\Sem 8 college\CV\Final Assignment\Data\IMG\left_2026_08_03_20_17_27_329.jpg,D:\Madhav Rajpal\Sem 8 college\CV\Final Assignment\Data\IMG\right_2026_08_03_20_17_27_329.jpg,-0.1823529,1,0,30.18662
D:\Madhav Rajpal\Sem 8 college\CV\Final Assignment\Data\IMG\center_2026_08_03_20_17_27_407.jpg,D:\Madhav Rajpal\Sem 8 college\CV\Final Assignment\Data\IMG\left_2026_08_03_20_17_27_407.jpg,D:\Madhav Rajpal\Sem 8 college\CV\Final Assignment\Data\IMG\right_2026_08_03_20_17_27_407.jpg,-0.1823529,1,0,30.18798
D:\Madhav Rajpal\Sem 8 college\CV\Final Assignment\Data\IMG\center_2026_08_03_20_17_27_476.jpg,D:\Madhav Rajpal\Sem 8 college\CV\Final Assignment\Data\IMG\left_2026_08_03_20_17_27_476.jpg,D:\Madhav Rajpal\Sem 8 college\CV\Final Assignment\Data\IMG\right_2026_08_03_20_17_27_476.jpg,-0.1823529,1,0,30.1891
D:\Madhav Rajpal\Sem 8 college\CV\Final Assignment\Data\IMG\center_2026_08_03_20_17_27_551.jpg,D:\Madhav Rajpal\Sem 8 college\CV\Final Assignment\Data\IMG\left_2026_08_03_20_17_27_551.jpg,D:\Madhav Rajpal\Sem 8 college\CV\Final Assignment\Data\IMG\right_2026_08_03_20_17_27_551.jpg,-0.1823529,1,0,30.18907
D:\Madhav Rajpal\Sem 8 college\CV\Final Assignment\Data\IMG\center_2026_08_03_20_17_27_620.jpg,D:\Madhav Rajpal\Sem 8 college\CV\Final Assignment\Data\IMG\left_2026_08_03_20_17_27_620.jpg,D:\Madhav Rajpal\Sem 8 college\CV\Final Assignment\Data\IMG\right_2026_08_03_20_17_27_620.jpg,-0.1764706,1,0,30.18933
D:\Madhav Rajpal\Sem 8 college\CV\Final Assignment\Data\IMG\center_2026_08_03_20_17_27_700.jpg,D:\Madhav Rajpal\Sem 8 college\CV\Final Assignment\Data\IMG\left_2026_08_03_20_17_27_700.jpg,D:\Madhav Rajpal\Sem 8 college\CV\Final Assignment\Data\IMG\right_2026_08_03_20_17_27_700.jpg,-0.1411765,1,0,30.19097
D:\Madhav Rajpal\Sem 8 college\CV\Final Assignment\Data\IMG\center_2026_08_03_20_17_27_772.jpg,D:\Madhav Rajpal\Sem 8 college\CV\Final Assignment\Data\IMG\left_2026_08_03_20_17_27_772.jpg,D:\Madhav Rajpal\Sem 8 college\CV\Final Assignment\Data\IMG\right_2026_08_03_20_17_27_772.jpg,-0.04117647,1,0,30.19075
D:\Madhav Rajpal\Sem 8 college\CV\Final Assignment\Data\IMG\center_2026_08_03_20_17_27_841.jpg,D:\Madhav Rajpal\Sem 8 college\CV\Final Assignment\Data\IMG\left_2026_08_03_20_17_27_841.jpg,D:\Madhav Rajpal\Sem 8 college\CV\Final Assignment\Data\IMG\right_2026_08_03_20_17_27_841.jpg,0.05882353,1,0,30.18682
D:\Madhav Rajpal\Sem 8 college\CV\Final Assignment\Data\IMG\center_2026_08_03_20_17_27_922.jpg,D:\Madhav Rajpal\Sem 8 college\CV\Final Assignment\Data\IMG\left_2026_08_03_20_17_27_922.jpg,D:\Madhav Rajpal\Sem 8 college\CV\Final Assignment\Data\IMG\right_2026_08_03_20_17_27_922.jpg,0.06470589,1,0,30.18834
D:\Madhav Rajpal\Sem 8 college\CV\Final Assignment\Data\IMG\center_2026_08_03_20_17_27_988.jpg,D:\Madhav Rajpal\Sem 8 college\CV\Final Assignment\Data\IMG\left_2026_08_03_20_17_27_988.jpg,D:\Madhav Rajpal\Sem 8 college\CV\Final Assignment\Data\IMG\right_2026_08_03_20_17_27_988.jpg,0.06470589,1,0,30.18906
D:\Madhav Rajpal\Sem 8 college\CV\Final Assignment\Data\IMG\center_2026_08_03_20_17_28_062.jpg,D:\Madhav Rajpal\Sem 8 college\CV\Final Assignment\Data\IMG\left_2026_08_03_20_17_28_062.jpg,D:\Madhav Rajpal\Sem 8 college\CV\Final Assignment\Data\IMG\right_2026_08_03_20_17_28_062.jpg,0.1235294,1,0,30.18734
D:\Madhav Rajpal\Sem 8 college\CV\Final Assignment\Data\IMG\center_2026_08_03_20_17_28_129.jpg,D:\Madhav Rajpal\Sem 8 college\CV\Final Assignment\Data\IMG\left_2026_08_03_20_17_28_129.jpg,D:\Madhav Rajpal\Sem 8 college\CV\Final Assignment\Data\IMG\right_2026_08_03_20_17_28_129.jpg,0.1705882,1,0,30.18527
D:\Madhav Rajpal\Sem 8 college\CV\Final Assignment\Data\IMG\center_2026_08_03_20_17_28_199.jpg,D:\Madhav Rajpal\Sem 8 college\CV\Final Assignment\Data\IMG\left_2026_08_03_20_17_28_199.jpg,D:\Madhav Rajpal\Sem 8 college\CV\Final Assignment\Data\IMG\right_2026_08_03_20_17_28_199.jpg,0.1764706,1,0,30.18713
D:\Madhav Rajpal\Sem 8 college\CV\Final Assignment\Data\IMG\center_2026_08_03_20_17_28_272.jpg,D:\Madhav Rajpal\Sem 8 college\CV\Final Assignment\Data\IMG\left_2026_08_03_20_17_28_272.jpg,D:\Madhav Rajpal\Sem 8 college\CV\Final Assignment\Data\IMG\right_2026_08_03_20_17_28_272.jpg,0.1764706,1,0,30.18842
D:\Madhav Rajpal\Sem 8 college\CV\Final Assignment\Data\IMG\center_2026_08_03_20_17_28_356.jpg,D:\Madhav Rajpal\Sem 8 college\CV\Final Assignment\Data\IMG\left_2026_08_03_20_17_28_356.jpg,D:\Madhav Rajpal\Sem 8 college\CV\Final Assignment\Data\IMG\right_2026_08_03_20_17_28_356.jpg,0.1764706,1,0,30.1891
D:\Madhav Rajpal\Sem 8 college\CV\Final Assignment\Data\IMG\center_2026_08_03_20_17_28_424.jpg,D:\Madhav Rajpal\Sem 8 college\CV\Final Assignment\Data\IMG\left_2026_08_03_20_17_28_424.jpg,D:\Madhav Rajpal\Sem 8 college\CV\Final Assignment\Data\IMG\right_2026_08_03_20_17_28_424.jpg,0.1764706,1,0,30.18945
D:\Madhav Rajpal\Sem 8 college\CV\Final Assignment\Data\IMG\center_2026_08_03_20_17_28_495.jpg,D:\Madhav Rajpal\Sem 8 college\CV\Final Assignment\Data\IMG\left_2026_08_03_20_17_28_495.jpg,D:\Madhav Rajpal\Sem 8 college\CV\Final Assignment\Data\IMG\right_2026_08_03_20_17_28_495.jpg,0.1529412,1,0,30.19061
D:\Madhav Rajpal\Sem 8 college\CV\Final Assignment\Data\IMG\center_2026_08_03_20_17_28_569.jpg,D:\Madhav Rajpal\Sem 8 college\CV\Final Assignment\Data\IMG\left_2026_08_03_20_17_28_569.jpg,D:\Madhav Rajpal\Sem 8 college\CV\Final Assignment\Data\IMG\right_2026_08_03_20_17_28_569.jpg,0.1352941,1,0,30.19102
D:\Madhav Rajpal\Sem 8 college\CV\Final Assignment\Data\IMG\center_2026_08_03_20_17_28_650.jpg,D:\Madhav Rajpal\Sem 8 college\CV\Final Assignment\Data\IMG\left_2026_08_03_20_17_28_650.jpg,D:\Madhav Rajpal\Sem 8 college\CV\Final Assignment\Data\IMG\right_2026_08_03_20_17_28_650.jpg,0.1176471,1,0,30.19124
D:\Madhav Rajpal\Sem 8 college\CV\Final Assignment\Data\IMG\center_2026_08_03_20_17_28_722.jpg,D:\Madhav Rajpal\Sem 8 college\CV\Final Assignment\Data\IMG\left_2026_08_03_20_17_28_722.jpg,D:\Madhav Rajpal\Sem 8 college\CV\Final Assignment\Data\IMG\right_2026_08_03_20_17_28_722.jpg,0.02941176,1,0,30.19082
D:\Madhav Rajpal\Sem 8 college\CV\Final Assignment\Data\IMG\center_2026_08_03_20_17_28_796.jpg,D:\Madhav Rajpal\Sem 8 college\CV\Final Assignment\Data\IMG\left_2026_08_03_20_17_28_796.jpg,D:\Madhav Rajpal\Sem 8 college\CV\Final Assignment\Data\IMG\right_2026_08_03_20_17_28_796.jpg,-0.005882353,1,0,30.19001
D:\Madhav Rajpal\Sem 8 college\CV\Final Assignment\Data\IMG\center_2026_08_03_20_17_28_870.jpg,D:\Madhav Rajpal\Sem 8 college\CV\Final Assignment\Data\IMG\left_2026_08_03_20_17_28_870.jpg,D:\Madhav Rajpal\Sem 8 college\CV\Final Assignment\Data\IMG\right_2026_08_03_20_17_28_870.jpg,-0.08235294,1,0,30.18758
D:\Madhav Rajpal\Sem 8 college\CV\Final Assignment\Data\IMG\center_2026_08_03_20_17_28_950.jpg,D:\Madhav Rajpal\Sem 8 college\CV\Final Assignment\Data\IMG\left_2026_08_03_20_17_28_950.jpg,D:\Madhav Rajpal\Sem 8 college\CV\Final Assignment\Data\IMG\right_2026_08_03_20_17_28_950.jpg,-0.1647059,1,0,30.18403
D:\Madhav Rajpal\Sem 8 college\CV\Final Assignment\Data\IMG\center_2026_08_03_20_17_29_023.jpg,D:\Madhav Rajpal\Sem 8 college\CV\Final Assignment\Data\IMG\left_2026_08_03_20_17_29_023.jpg,D:\Madhav Rajpal\Sem 8 college\CV\Final Assignment\Data\IMG\right_2026_08_03_20_17_29_023.jpg,-0.1705882,1,0,30.18627
D:\Madhav Rajpal\Sem 8 college\CV\Final Assignment\Data\IMG\center_2026_08_03_20_17_29_090.jpg,D:\Madhav Rajpal\Sem 8 college\CV\Final Assignment\Data\IMG\left_2026_08_03_20_17_29_090.jpg,D:\Madhav Rajpal\Sem 8 college\CV\Final Assignment\Data\IMG\right_2026_08_03_20_17_29_090.jpg,-0.1705882,1,0,30.18785
D:\Madhav Rajpal\Sem 8 college\CV\Final Assignment\Data\IMG\center_2026_08_03_20_17_29_164.jpg,D:\Madhav Rajpal\Sem 8 college\CV\Final Assignment\Data\IMG\left_2026_08_03_20_17_29_164.jpg,D:\Madhav Rajpal\Sem 8 college\CV\Final Assignment\Data\IMG\right_2026_08_03_20_17_29_164.jpg,-0.1705882,1,0,30.18867
D:\Madhav Rajpal\Sem 8 college\CV\Final Assignment\Data\IMG\center_2026_08_03_20_17_29_241.jpg,D:\Madhav Rajpal\Sem 8 college\CV\Final Assignment\Data\IMG\left_2026_08_03_20_17_29_241.jpg,D:\Madhav Rajpal\Sem 8 college\CV\Final Assignment\Data\IMG\right_2026_08_03_20_17_29_241.jpg,-0.1705882,1,0,30.18925
D:\Madhav Rajpal\Sem 8 college\CV\Final Assignment\Data\IMG\center_2026_08_03_20_17_29_315.jpg,D:\Madhav Rajpal\Sem 8 college\CV\Final Assignment\Data\IMG\left_2026_08_03_20_17_29_315.jpg,D:\Madhav Rajpal\Sem 8 college\CV\Final Assignment\Data\IMG\right_2026_08_03_20_17_29_315.jpg,-0.1705882,1,0,30.18856
D:\Madhav Rajpal\Sem 8 college\CV\Final Assignment\Data\IMG\center_2026_08_03_20_17_29_385.jpg,D:\Madhav Rajpal\Sem 8 college\CV\Final Assignment\Data\IMG\left_2026_08_03_20_17_29_385.jpg,D:\Madhav Rajpal\Sem 8 college\CV\Final Assignment\Data\IMG\right_2026_08_03_20_17_29_385.jpg,-0.1705882,1,0,30.1893
D:\Madhav Rajpal\Sem 8 college\CV\Final Assignment\Data\IMG\center_2026_08_03_20_17_29_466.jpg,D:\Madhav Rajpal\Sem 8 college\CV\Final Assignment\Data\IMG\left_2026_08_03_20_17_29_466.jpg,D:\Madhav Rajpal\Sem 8 college\CV\Final Assignment\Data\IMG\right_2026_08_03_20_17_29_466.jpg,-0.1705882,1,0,30.18957
D:\Madhav Rajpal\Sem 8 college\CV\Final Assignment\Data\IMG\center_2026_08_03_20_17_29_545.jpg,D:\Madhav Rajpal\Sem 8 college\CV\Final Assignment\Data\IMG\left_2026_08_03_20_17_29_545.jpg,D:\Madhav Rajpal\Sem 8 college\CV\Final Assignment\Data\IMG\right_2026_08_03_20_17_29_545.jpg,-0.1647059,1,0,30.1899
D:\Madhav Rajpal\Sem 8 college\CV\Final Assignment\Data\IMG\center_2026_08_03_20_17_29_622.jpg,D:\Madhav Rajpal\Sem 8 college\CV\Final Assignment\Data\IMG\left_2026_08_03_20_17_29_622.jpg,D:\Madhav Rajpal\Sem 8 college\CV\Final Assignment\Data\IMG\right_2026_08_03_20_17_29_622.jpg,-0.1117647,1,0,30.19111
D:\Madhav Rajpal\Sem 8 college\CV\Final Assignment\Data\IMG\center_2026_08_03_20_17_29_702.jpg,D:\Madhav Rajpal\Sem 8 college\CV\Final Assignment\Data\IMG\left_2026_08_03_20_17_29_702.jpg,D:\Madhav Rajpal\Sem 8 college\CV\Final Assignment\Data\IMG\right_2026_08_03_20_17_29_702.jpg,-0.09411765,1,0,30.19092
D:\Madhav Rajpal\Sem 8 college\CV\Final Assignment\Data\IMG\center_2026_08_03_20_17_29_773.jpg,D:\Madhav Rajpal\Sem 8 college\CV\Final Assignment\Data\IMG\left_2026_08_03_20_17_29_773.jpg,D:\Madhav Rajpal\Sem 8 college\CV\Final Assignment\Data\IMG\right_2026_08_03_20_17_29_773.jpg,-0.09411765,1,0,30.19064
D:\Madhav Rajpal\Sem 8 college\CV\Final Assignment\Data\IMG\center_2026_08_03_20_17_29_848.jpg,D:\Madhav Rajpal\Sem 8 college\CV\Final Assignment\Data\IMG\left_2026_08_03_20_17_29_848.jpg,D:\Madhav Rajpal\Sem 8 college\CV\Final Assignment\Data\IMG\right_2026_08_03_20_17_29_848.jpg,-0.09411765,1,0,30.19047
D:\Madhav Rajpal\Sem 8 college\CV\Final Assignment\Data\IMG\center_2026_08_03_20_17_29_928.jpg,D:\Madhav Rajpal\Sem 8 college\CV\Final Assignment\Data\IMG\left_2026_08_03_20_17_29_928.jpg,D:\Madhav Rajpal\Sem 8 college\CV\Final Assignment\Data\IMG\right_2026_08_03_20_17_29_928.jpg,-0.07647059,1,0,30.19054
D:\Madhav Rajpal\Sem 8 college\CV\Final Assignment\Data\IMG\center_2026_08_03_20_17_30_002.jpg,D:\Madhav Rajpal\Sem 8 college\CV\Final Assignment\Data\IMG\left_2026_08_03_20_17_30_002.jpg,D:\Madhav Rajpal\Sem 8 college\CV\Final Assignment\Data\IMG\right_2026_08_03_20_17_30_002.jpg,0.005882353,1,0,30.18943
D:\Madhav Rajpal\Sem 8 college\CV\Final Assignment\Data\IMG\center_2026_08_03_20_17_30_075.jpg,D:\Madhav Rajpal\Sem 8 college\CV\Final Assignment\Data\IMG\left_2026_08_03_20_17_30_075.jpg,D:\Madhav Rajpal\Sem 8 college\CV\Final Assignment\Data\IMG\right_2026_08_03_20_17_30_075.jpg,0.04705882,1,0,30.18872
D:\Madhav Rajpal\Sem 8 college\CV\Final Assignment\Data\IMG\center_2026_08_03_20_17_30_143.jpg,D:\Madhav Rajpal\Sem 8 college\CV\Final Assignment\Data\IMG\left_2026_08_03_20_17_30_143.jpg,D:\Madhav Rajpal\Sem 8 college\CV\Final Assignment\Data\IMG\right_2026_08_03_20_17_30_143.jpg,0.05294118,1,0,30.1903
D:\Madhav Rajpal\Sem 8 college\CV\Final Assignment\Data\IMG\center_2026_08_03_20_17_30_216.jpg,D:\Madhav Rajpal\Sem 8 college\CV\Final Assignment\Data\IMG\left_2026_08_03_20_17_30_216.jpg,D:\Madhav Rajpal\Sem 8 college\CV\Final Assignment\Data\IMG\right_2026_08_03_20_17_30_216.jpg,0.05294118,1,0,30.18922
D:\Madhav Rajpal\Sem 8 college\CV\Final Assignment\Data\IMG\center_2026_08_03_20_17_30_288.jpg,D:\Madhav Rajpal\Sem 8 college\CV\Final Assignment\Data\IMG\left_2026_08_03_20_17_30_288.jpg,D:\Madhav Rajpal\Sem 8 college\CV\Final Assignment\Data\IMG\right_2026_08_03_20_17_30_288.jpg,0.05294118,1,0,30.18976
D:\Madhav Rajpal\Sem 8 college\CV\Final Assignment\Data\IMG\center_2026_08_03_20_17_30_369.jpg,D:\Madhav Rajpal\Sem 8 college\CV\Final Assignment\Data\IMG\left_2026_08_03_20_17_30_369.jpg,D:\Madhav Rajpal\Sem 8 college\CV\Final Assignment\Data\IMG\right_2026_08_03_20_17_30_369.jpg,0.05882353,1,0,30.18977
D:\Madhav Rajpal\Sem 8 college\CV\Final Assignment\Data\IMG\center_2026_08_03_20_17_30_448.jpg,D:\Madhav Rajpal\Sem 8 college\CV\Final Assignment\Data\IMG\left_2026_08_03_20_17_30_448.jpg,D:\Madhav Rajpal\Sem 8 college\CV\Final Assignment\Data\IMG\right_2026_08_03_20_17_30_448.jpg,0.06470589,1,0,30.19016
D:\Madhav Rajpal\Sem 8 college\CV\Final Assignment\Data\IMG\center_2026_08_03_20_17_30_521.jpg,D:\Madhav Rajpal\Sem 8 college\CV\Final Assignment\Data\IMG\left_2026_08_03_20_17_30_521.jpg,D:\Madhav Rajpal\Sem 8 college\CV\Final Assignment\Data\IMG\right_2026_08_03_20_17_30_521.jpg,0.06470589,1,0,30.19007
D:\Madhav Rajpal\Sem 8 college\CV\Final Assignment\Data\IMG\center_2026_08_03_20_17_30_590.jpg,D:\Madhav Rajpal\Sem 8 college\CV\Final Assignment\Data\IMG\left_2026_08_03_20_17_30_590.jpg,D:\Madhav Rajpal\Sem 8 college\CV\Final Assignment\Data\IMG\right_2026_08_03_20_17_30_590.jpg,0.06470589,1,0,30.1901
D:\Madhav Rajpal\Sem 8 college\CV\Final Assignment\Data\IMG\center_2026_08_03_20_17_30_667.jpg,D:\Madhav Rajpal\Sem 8 college\CV\Final Assignment\Data\IMG\left_2026_08_03_20_17_30_667.jpg,D:\Madhav Rajpal\Sem 8 college\CV\Final Assignment\Data\IMG\right_2026_08_03_20_17_30_667.jpg,0.06470589,1,0,30.19014
D:\Madhav Rajpal\Sem 8 college\CV\Final Assignment\Data\IMG\center_2026_08_03_20_17_30_743.jpg,D:\Madhav Rajpal\Sem 8 college\CV\Final Assignment\Data\IMG\left_2026_08_03_20_17_30_743.jpg,D:\Madhav Rajpal\Sem 8 college\CV\Final Assignment\Data\IMG\right_2026_08_03_20_17_30_743.jpg,0.06470589,1,0,30.1902
D:\Madhav Rajpal\Sem 8 college\CV\Final Assignment\Data\IMG\center_2026_08_03_20_17_30_812.jpg,D:\Madhav Rajpal\Sem 8 college\CV\Final Assignment\Data\IMG\left_2026_08_03_20_17_30_812.jpg,D:\Madhav Rajpal\Sem 8 college\CV\Final Assignment\Data\IMG\right_2026_08_03_20_17_30_812.jpg,0.06470589,1,0,30.19024
D:\Madhav Rajpal\Sem 8 college\CV\Final Assignment\Data\IMG\center_2026_08_03_20_17_30_885.jpg,D:\Madhav Rajpal\Sem 8 college\CV\Final Assignment\Data\IMG\left_2026_08_03_20_17_30_885.jpg,D:\Madhav Rajpal\Sem 8 college\CV\Final Assignment\Data\IMG\right_2026_08_03_20_17_30_885.jpg,0.06470589,1,0,30.19029
D:\Madhav Rajpal\Sem 8 college\CV\Final Assignment\Data\IMG\center_2026_08_03_20_17_30_959.jpg,D:\Madhav Rajpal\Sem 8 college\CV\Final Assignment\Data\IMG\left_2026_08_03_20_17_30_959.jpg,D:\Madhav Rajpal\Sem 8 college\CV\Final Assignment\Data\IMG\right_2026_08_03_20_17_30_959.jpg,0.06470589,1,0,30.19032
D:\Madhav Rajpal\Sem 8 college\CV\Final Assignment\Data\IMG\center_2026_08_03_20_17_31_030.jpg,D:\Madhav Rajpal\Sem 8 college\CV\Final Assignment\Data\IMG\left_2026_08_03_20_17_31_030.jpg,D:\Madhav Rajpal\Sem 8 college\CV\Final Assignment\Data\IMG\right_2026_08_03_20_17_31_030.jpg,0.06470589,1,0,30.19036
D:\Madhav Rajpal\Sem 8 college\CV\Final Assignment\Data\IMG\center_2026_08_03_20_17_31_106.jpg,D:\Madhav Rajpal\Sem 8 college\CV\Final Assignment\Data\IMG\left_2026_08_03_20_17_31_106.jpg,D:\Madhav Rajpal\Sem 8 college\CV\Final Assignment\Data\IMG\right_2026_08_03_20_17_31_106.jpg,0.06470589,1,0,30.19042
D:\Madhav Rajpal\Sem 8 college\CV\Final Assignment\Data\IMG\center_2026_08_03_20_17_31_182.jpg,D:\Madhav Rajpal\Sem 8 college\CV\Final Assignment\Data\IMG\left_2026_08_03_20_17_31_182.jpg,D:\Madhav Rajpal\Sem 8 college\CV\Final Assignment\Data\IMG\right_2026_08_03_20_17_31_182.jpg,0.04705882,1,0,30.19062
D:\Madhav Rajpal\Sem 8 college\CV\Final Assignment\Data\IMG\center_2026_08_03_20_17_31_259.jpg,D:\Madhav Rajpal\Sem 8 college\CV\Final Assignment\Data\IMG\left_2026_08_03_20_17_31_259.jpg,D:\Madhav Rajpal\Sem 8 college\CV\Final Assignment\Data\IMG\right_2026_08_03_20_17_31_259.jpg,0.03529412,1,0,30.19065
D:\Madhav Rajpal\Sem 8 college\CV\Final Assignment\Data\IMG\center_2026_08_03_20_17_31_335.jpg,D:\Madhav Rajpal\Sem 8 college\CV\Final Assignment\Data\IMG\left_2026_08_03_20_17_31_335.jpg,D:\Madhav Rajpal\Sem 8 college\CV\Final Assignment\Data\IMG\right_2026_08_03_20_17_31_335.jpg,0,1,0,30.19047
D:\Madhav Rajpal\Sem 8 college\CV\Final Assignment\Data\IMG\center_2026_08_03_20_17_31_403.jpg,D:\Madhav Rajpal\Sem 8 college\CV\Final Assignment\Data\IMG\left_2026_08_03_20_17_31_403.jpg,D:\Madhav Rajpal\Sem 8 college\CV\Final Assignment\Data\IMG\right_2026_08_03_20_17_31_403.jpg,-0.03529412,1,0,30.18991
D:\Madhav Rajpal\Sem 8 college\CV\Final Assignment\Data\IMG\center_2026_08_03_20_17_31_484.jpg,D:\Madhav Rajpal\Sem 8 college\CV\Final Assignment\Data\IMG\left_2026_08_03_20_17_31_484.jpg,D:\Madhav Rajpal\Sem 8 college\CV\Final Assignment\Data\IMG\right_2026_08_03_20_17_31_484.jpg,-0.04117647,1,0,30.1901
D:\Madhav Rajpal\Sem 8 college\CV\Final Assignment\Data\IMG\center_2026_08_03_20_17_31_562.jpg,D:\Madhav Rajpal\Sem 8 college\CV\Final Assignment\Data\IMG\left_2026_08_03_20_17_31_562.jpg,D:\Madhav Rajpal\Sem 8 college\CV\Final Assignment\Data\IMG\right_2026_08_03_20_17_31_562.jpg,-0.05294118,1,0,30.19
D:\Madhav Rajpal\Sem 8 college\CV\Final Assignment\Data\IMG\center_2026_08_03_20_17_31_635.jpg,D:\Madhav Rajpal\Sem 8 college\CV\Final Assignment\Data\IMG\left_2026_08_03_20_17_31_635.jpg,D:\Madhav Rajpal\Sem 8 college\CV\Final Assignment\Data\IMG\right_2026_08_03_20_17_31_635.jpg,-0.06470589,1,0,30.19034
D:\Madhav Rajpal\Sem 8 college\CV\Final Assignment\Data\IMG\center_2026_08_03_20_17_31_704.jpg,D:\Madhav Rajpal\Sem 8 college\CV\Final Assignment\Data\IMG\left_2026_08_03_20_17_31_704.jpg,D:\Madhav Rajpal\Sem 8 college\CV\Final Assignment\Data\IMG\right_2026_08_03_20_17_31_704.jpg,-0.08235294,1,0,30.18931
D:\Madhav Rajpal\Sem 8 college\CV\Final Assignment\Data\IMG\center_2026_08_03_20_17_31_776.jpg,D:\Madhav Rajpal\Sem 8 college\CV\Final Assignment\Data\IMG\left_2026_08_03_20_17_31_776.jpg,D:\Madhav Rajpal\Sem 8 college\CV\Final Assignment\Data\IMG\right_2026_08_03_20_17_31_776.jpg,-0.08235294,1,0,30.18978
D:\Madhav Rajpal\Sem 8 college\CV\Final Assignment\Data\IMG\center_2026_08_03_20_17_31_849.jpg,D:\Madhav Rajpal\Sem 8 college\CV\Final Assignment\Data\IMG\left_2026_08_03_20_17_31_849.jpg,D:\Madhav Rajpal\Sem 8 college\CV\Final Assignment\Data\IMG\right_2026_08_03_20_17_31_849.jpg,-0.08235294,1,0,30.19097
D:\Madhav Rajpal\Sem 8 college\CV\Final Assignment\Data\IMG\center_2026_08_03_20_17_31_920.jpg,D:\Madhav Rajpal\Sem 8 college\CV\Final Assignment\Data\IMG\left_2026_08_03_20_17_31_920.jpg,D:\Madhav Rajpal\Sem 8 college\CV\Final Assignment\Data\IMG\right_2026_08_03_20_17_31_920.jpg,-0.08235294,1,0,30.1898
D:\Madhav Rajpal\Sem 8 college\CV\Final Assignment\Data\IMG\center_2026_08_03_20_17_31_997.jpg,D:\Madhav Rajpal\Sem 8 college\CV\Final Assignment\Data\IMG\left_2026_08_03_20_17_31_997.jpg,D:\Madhav Rajpal\Sem 8 college\CV\Final Assignment\Data\IMG\right_2026_08_03_20_17_31_997.jpg,-0.08235294,1,0,30.19003
D:\Madhav Rajpal\Sem 8 college\CV\Final Assignment\Data\IMG\center_2026_08_03_20_17_32_075.jpg,D:\Madhav Rajpal\Sem 8 college\CV\Final Assignment\Data\IMG\left_2026_08_03_20_17_32_075.jpg,D:\Madhav Rajpal\Sem 8 college\CV\Final Assignment\Data\IMG\right_2026_08_03_20_17_32_075.jpg,-0.08235294,1,0,30.19012
D:\Madhav Rajpal\Sem 8 college\CV\Final Assignment\Data\IMG\center_2026_08_03_20_17_32_143.jpg,D:\Madhav Rajpal\Sem 8 college\CV\Final Assignment\Data\IMG\left_2026_08_03_20_17_32_143.jpg,D:\Madhav Rajpal\Sem 8 college\CV\Final Assignment\Data\IMG\right_2026_08_03_20_17_32_143.jpg,-0.08235294,1,0,30.19014
D:\Madhav Rajpal\Sem 8 college\CV\Final Assignment\Data\IMG\center_2026_08_03_20_17_32_221.jpg,D:\Madhav Rajpal\Sem 8 college\CV\Final Assignment\Data\IMG\left_2026_08_03_20_17_32_221.jpg,D:\Madhav Rajpal\Sem 8 college\CV\Final Assignment\Data\IMG\right_2026_08_03_20_17_32_221.jpg,-0.08235294,1,0,30.19015
D:\Madhav Rajpal\Sem 8 college\CV\Final Assignment\Data\IMG\center_2026_08_03_20_17_32_290.jpg,D:\Madhav Rajpal\Sem 8 college\CV\Final Assignment\Data\IMG\left_2026_08_03_20_17_32_290.jpg,D:\Madhav Rajpal\Sem 8 college\CV\Final Assignment\Data\IMG\right_2026_08_03_20_17_32_290.jpg,-0.08235294,1,0,30.19013
D:\Madhav Rajpal\Sem 8 college\CV\Final Assignment\Data\IMG\center_2026_08_03_20_17_32_358.jpg,D:\Madhav Rajpal\Sem 8 college\CV\Final Assignment\Data\IMG\left_2026_08_03_20_17_32_358.jpg,D:\Madhav Rajpal\Sem 8 college\CV\Final Assignment\Data\IMG\right_2026_08_03_20_17_32_358.jpg,-0.08235294,1,0,30.19017
D:\Madhav Rajpal\Sem 8 college\CV\Final Assignment\Data\IMG\center_2026_08_03_20_17_32_437.jpg,D:\Madhav Rajpal\Sem 8 college\CV\Final Assignment\Data\IMG\left_2026_08_03_20_17_32_437.jpg,D:\Madhav Rajpal\Sem 8 college\CV\Final Assignment\Data\IMG\right_2026_08_03_20_17_32_437.jpg,-0.08235294,1,0,30.19015
D:\Madhav Rajpal\Sem 8 college\CV\Final Assignment\Data\IMG\center_2026_08_03_20_17_32_507.jpg,D:\Madhav Rajpal\Sem 8 college\CV\Final Assignment\Data\IMG\left_2026_08_03_20_17_32_507.jpg,D:\Madhav Rajpal\Sem 8 college\CV\Final Assignment\Data\IMG\right_2026_08_03_20_17_32_507.jpg,-0.07058824,1,0,30.19034
D:\Madhav Rajpal\Sem 8 college\CV\Final Assignment\Data\IMG\center_2026_08_03_20_17_32_575.jpg,D:\Madhav Rajpal\Sem 8 college\CV\Final Assignment\Data\IMG\left_2026_08_03_20_17_32_575.jpg,D:\Madhav Rajpal\Sem 8 college\CV\Final Assignment\Data\IMG\right_2026_08_03_20_17_32_575.jpg,-0.04705882,1,0,30.19047
D:\Madhav Rajpal\Sem 8 college\CV\Final Assignment\Data\IMG\center_2026_08_03_20_17_32_645.jpg,D:\Madhav Rajpal\Sem 8 college\CV\Final Assignment\Data\IMG\left_2026_08_03_20_17_32_645.jpg,D:\Madhav Rajpal\Sem 8 college\CV\Final Assignment\Data\IMG\right_2026_08_03_20_17_32_645.jpg,-0.03529412,1,0,30.19048
D:\Madhav Rajpal\Sem 8 college\CV\Final Assignment\Data\IMG\center_2026_08_03_20_17_32_725.jpg,D:\Madhav Rajpal\Sem 8 college\CV\Final Assignment\Data\IMG\left_2026_08_03_20_17_32_725.jpg,D:\Madhav Rajpal\Sem 8 college\CV\Final Assignment\Data\IMG\right_2026_08_03_20_17_32_725.jpg,-0.03529412,1,0,30.19039
D:\Madhav Rajpal\Sem 8 college\CV\Final Assignment\Data\IMG\center_2026_08_03_20_17_32_792.jpg,D:\Madhav Rajpal\Sem 8 college\CV\Final Assignment\Data\IMG\left_2026_08_03_20_17_32_792.jpg,D:\Madhav Rajpal\Sem 8 college\CV\Final Assignment\Data\IMG\right_2026_08_03_20_17_32_792.jpg,-0.03529412,1,0,30.19048
D:\Madhav Rajpal\Sem 8 college\CV\Final Assignment\Data\IMG\center_2026_08_03_20_17_32_871.jpg,D:\Madhav Rajpal\Sem 8 college\CV\Final Assignment\Data\IMG\left_2026_08_03_20_17_32_871.jpg,D:\Madhav Rajpal\Sem 8 college\CV\Final Assignment\Data\IMG\right_2026_08_03_20_17_32_871.jpg,-0.02941176,1,0,30.19001
D:\Madhav Rajpal\Sem 8 college\CV\Final Assignment\Data\IMG\center_2026_08_03_20_17_32_937.jpg,D:\Madhav Rajpal\Sem 8 college\CV\Final Assignment\Data\IMG\left_2026_08_03_20_17_32_937.jpg,D:\Madhav Rajpal\Sem 8 college\CV\Final Assignment\Data\IMG\right_2026_08_03_20_17_32_937.jpg,-0.02352941,1,0,30.1901
D:\Madhav Rajpal\Sem 8 college\CV\Final Assignment\Data\IMG\center_2026_08_03_20_17_33_010.jpg,D:\Madhav Rajpal\Sem 8 college\CV\Final Assignment\Data\IMG\left_2026_08_03_20_17_33_010.jpg,D:\Madhav Rajpal\Sem 8 college\CV\Final Assignment\Data\IMG\right_2026_08_03_20_17_33_010.jpg,-0.01764706,1,0,30.19036
D:\Madhav Rajpal\Sem 8 college\CV\Final Assignment\Data\IMG\center_2026_08_03_20_17_33_090.jpg,D:\Madhav Rajpal\Sem 8 college\CV\Final Assignment\Data\IMG\left_2026_08_03_20_17_33_090.jpg,D:\Madhav Rajpal\Sem 8 college\CV\Final Assignment\Data\IMG\right_2026_08_03_20_17_33_090.jpg,0,1,0,30.18999
D:\Madhav Rajpal\Sem 8 college\CV\Final Assignment\Data\IMG\center_2026_08_03_20_17_33_158.jpg,D:\Madhav Rajpal\Sem 8 college\CV\Final Assignment\Data\IMG\left_2026_08_03_20_17_33_158.jpg,D:\Madhav Rajpal\Sem 8 college\CV\Final Assignment\Data\IMG\right_2026_08_03_20_17_33_158.jpg,0,1,0,30.19006
D:\Madhav Rajpal\Sem 8 college\CV\Final Assignment\Data\IMG\center_2026_08_03_20_17_33_229.jpg,D:\Madhav Rajpal\Sem 8 college\CV\Final Assignment\Data\IMG\left_2026_08_03_20_17_33_229.jpg,D:\Madhav Rajpal\Sem 8 college\CV\Final Assignment\Data\IMG\right_2026_08_03_20_17_33_229.jpg,0.005882353,1,0,30.1893
D:\Madhav Rajpal\Sem 8 college\CV\Final Assignment\Data\IMG\center_2026_08_03_20_17_33_299.jpg,D:\Madhav Rajpal\Sem 8 college\CV\Final Assignment\Data\IMG\left_2026_08_03_20_17_33_299.jpg,D:\Madhav Rajpal\Sem 8 college\CV\Final Assignment\Data\IMG\right_2026_08_03_20_17_33_299.jpg,0.01764706,1,0,30.19015
D:\Madhav Rajpal\Sem 8 college\CV\Final Assignment\Data\IMG\center_2026_08_03_20_17_33_367.jpg,D:\Madhav Rajpal\Sem 8 college\CV\Final Assignment\Data\IMG\left_2026_08_03_20_17_33_367.jpg,D:\Madhav Rajpal\Sem 8 college\CV\Final Assignment\Data\IMG\right_2026_08_03_20_17_33_367.jpg,0.02352941,1,0,30.19002
D:\Madhav Rajpal\Sem 8 college\CV\Final Assignment\Data\IMG\center_2026_08_03_20_17_33_442.jpg,D:\Madhav Rajpal\Sem 8 college\CV\Final Assignment\Data\IMG\left_2026_08_03_20_17_33_442.jpg,D:\Madhav Rajpal\Sem 8 college\CV\Final Assignment\Data\IMG\right_2026_08_03_20_17_33_442.jpg,0.02352941,1,0,30.19005
D:\Madhav Rajpal\Sem 8 college\CV\Final Assignment\Data\IMG\center_2026_08_03_20_17_33_512.jpg,D:\Madhav Rajpal\Sem 8 college\CV\Final Assignment\Data\IMG\left_2026_08_03_20_17_33_512.jpg,D:\Madhav Rajpal\Sem 8 college\CV\Final Assignment\Data\IMG\right_2026_08_03_20_17_33_512.jpg,0.02352941,1,0,30.19007
D:\Madhav Rajpal\Sem 8 college\CV\Final Assignment\Data\IMG\center_2026_08_03_20_17_33_588.jpg,D:\Madhav Rajpal\Sem 8 college\CV\Final Assignment\Data\IMG\left_2026_08_03_20_17_33_588.jpg,D:\Madhav Rajpal\Sem 8 college\CV\Final Assignment\Data\IMG\right_2026_08_03_20_17_33_588.jpg,0.02352941,1,0,30.19011
D:\Madhav Rajpal\Sem 8 college\CV\Final Assignment\Data\IMG\center_2026_08_03_20_17_33_669.jpg,D:\Madhav Rajpal\Sem 8 college\CV\Final Assignment\Data\IMG\left_2026_08_03_20_17_33_669.jpg,D:\Madhav Rajpal\Sem 8 college\CV\Final Assignment\Data\IMG\right_2026_08_03_20_17_33_669.jpg,0.02352941,1,0,30.19012
D:\Madhav Rajpal\Sem 8 college\CV\Final Assignment\Data\IMG\center_2026_08_03_20_17_33_747.jpg,D:\Madhav Rajpal\Sem 8 college\CV\Final Assignment\Data\IMG\left_2026_08_03_20_17_33_747.jpg,D:\Madhav Rajpal\Sem 8 college\CV\Final Assignment\Data\IMG\right_2026_08_03_20_17_33_747.jpg,0.02352941,1,0,30.19016
D:\Madhav Rajpal\Sem 8 college\CV\Final Assignment\Data\IMG\center_2026_08_03_20_17_33_814.jpg,D:\Madhav Rajpal\Sem 8 college\CV\Final Assignment\Data\IMG\left_2026_08_03_20_17_33_814.jpg,D:\Madhav Rajpal\Sem 8 college\CV\Final Assignment\Data\IMG\right_2026_08_03_20_17_33_814.jpg,0.02352941,1,0,30.19018
D:\Madhav Rajpal\Sem 8 college\CV\Final Assignment\Data\IMG\center_2026_08_03_20_17_33_882.jpg,D:\Madhav Rajpal\Sem 8 college\CV\Final Assignment\Data\IMG\left_2026_08_03_20_17_33_882.jpg,D:\Madhav Rajpal\Sem 8 college\CV\Final Assignment\Data\IMG\right_2026_08_03_20_17_33_882.jpg,0.02352941,1,0,30.19021
D:\Madhav Rajpal\Sem 8 college\CV\Final Assignment\Data\IMG\center_2026_08_03_20_17_33_959.jpg,D:\Madhav Rajpal\Sem 8 college\CV\Final Assignment\Data\IMG\left_2026_08_03_20_17_33_959.jpg,D:\Madhav Rajpal\Sem 8 college\CV\Final Assignment\Data\IMG\right_2026_08_03_20_17_33_959.jpg,0.02352941,1,0,30.19018
D:\Madhav Rajpal\Sem 8 college\CV\Final Assignment\Data\IMG\center_2026_08_03_20_17_34_028.jpg,D:\Madhav Rajpal\Sem 8 college\CV\Final Assignment\Data\IMG\left_2026_08_03_20_17_34_028.jpg,D:\Madhav Rajpal\Sem 8 college\CV\Final Assignment\Data\IMG\right_2026_08_03_20_17_34_028.jpg,0.02352941,1,0,30.19019
D:\Madhav Rajpal\Sem 8 college\CV\Final Assignment\Data\IMG\center_2026_08_03_20_17_34_100.jpg,D:\Madhav Rajpal\Sem 8 college\CV\Final Assignment\Data\IMG\left_2026_08_03_20_17_34_100.jpg,D:\Madhav Rajpal\Sem 8 college\CV\Final Assignment\Data\IMG\right_2026_08_03_20_17_34_100.jpg,0.02352941,1,0,30.19024
D:\Madhav Rajpal\Sem 8 college\CV\Final Assignment\Data\IMG\center_2026_08_03_20_17_34_173.jpg,D:\Madhav Rajpal\Sem 8 college\CV\Final Assignment\Data\IMG\left_2026_08_03_20_17_34_173.jpg,D:\Madhav Rajpal\Sem 8 college\CV\Final Assignment\Data\IMG\right_2026_08_03_20_17_34_173.jpg,0.02352941,1,0,30.19026
D:\Madhav Rajpal\Sem 8 college\CV\Final Assignment\Data\IMG\center_2026_08_03_20_17_34_244.jpg,D:\Madhav Rajpal\Sem 8 college\CV\Final Assignment\Data\IMG\left_2026_08_03_20_17_34_244.jpg,D:\Madhav Rajpal\Sem 8 college\CV\Final Assignment\Data\IMG\right_2026_08_03_20_17_34_244.jpg,0.02352941,1,0,30.19026
D:\Madhav Rajpal\Sem 8 college\CV\Final Assignment\Data\IMG\center_2026_08_03_20_17_34_321.jpg,D:\Madhav Rajpal\Sem 8 college\CV\Final Assignment\Data\IMG\left_2026_08_03_20_17_34_321.jpg,D:\Madhav Rajpal\Sem 8 college\CV\Final Assignment\Data\IMG\right_2026_08_03_20_17_34_321.jpg,0.01764706,1,0,30.1903
D:\Madhav Rajpal\Sem 8 college\CV\Final Assignment\Data\IMG\center_2026_08_03_20_17_34_393.jpg,D:\Madhav Rajpal\Sem 8 college\CV\Final Assignment\Data\IMG\left_2026_08_03_20_17_34_393.jpg,D:\Madhav Rajpal\Sem 8 college\CV\Final Assignment\Data\IMG\right_2026_08_03_20_17_34_393.jpg,0,1,0,30.18971
D:\Madhav Rajpal\Sem 8 college\CV\Final Assignment\Data\IMG\center_2026_08_03_20_17_34_461.jpg,D:\Madhav Rajpal\Sem 8 college\CV\Final Assignment\Data\IMG\left_2026_08_03_20_17_34_461.jpg,D:\Madhav Rajpal\Sem 8 college\CV\Final Assignment\Data\IMG\right_2026_08_03_20_17_34_461.jpg,0,1,0,30.19049
D:\Madhav Rajpal\Sem 8 college\CV\Final Assignment\Data\IMG\center_2026_08_03_20_17_34_532.jpg,D:\Madhav Rajpal\Sem 8 college\CV\Final Assignment\Data\IMG\left_2026_08_03_20_17_34_532.jpg,D:\Madhav Rajpal\Sem 8 college\CV\Final Assignment\Data\IMG\right_2026_08_03_20_17_34_532.jpg,0,1,0,30.19042
D:\Madhav Rajpal\Sem 8 college\CV\Final Assignment\Data\IMG\center_2026_08_03_20_17_34_604.jpg,D:\Madhav Rajpal\Sem 8 college\CV\Final Assignment\Data\IMG\left_2026_08_03_20_17_34_604.jpg,D:\Madhav Rajpal\Sem 8 college\CV\Final Assignment\Data\IMG\right_2026_08_03_20_17_34_604.jpg,0,1,0,30.19023
D:\Madhav Rajpal\Sem 8 college\CV\Final Assignment\Data\IMG\center_2026_08_03_20_17_34_683.jpg,D:\Madhav Rajpal\Sem 8 college\CV\Final Assignment\Data\IMG\left_2026_08_03_20_17_34_683.jpg,D:\Madhav Rajpal\Sem 8 college\CV\Final Assignment\Data\IMG\right_2026_08_03_20_17_34_683.jpg,0,1,0,30.19062
D:\Madhav Rajpal\Sem 8 college\CV\Final Assignment\Data\IMG\center_2026_08_03_20_17_34_754.jpg,D:\Madhav Rajpal\Sem 8 college\CV\Final Assignment\Data\IMG\left_2026_08_03_20_17_34_754.jpg,D:\Madhav Rajpal\Sem 8 college\CV\Final Assignment\Data\IMG\right_2026_08_03_20_17_34_754.jpg,0,1,0,30.19048
D:\Madhav Rajpal\Sem 8 college\CV\Final Assignment\Data\IMG\center_2026_08_03_20_17_34_829.jpg,D:\Madhav Rajpal\Sem 8 college\CV\Final Assignment\Data\IMG\left_2026_08_03_20_17_34_829.jpg,D:\Madhav Rajpal\Sem 8 college\CV\Final Assignment\Data\IMG\right_2026_08_03_20_17_34_829.jpg,0,1,0,30.19043
D:\Madhav Rajpal\Sem 8 college\CV\Final Assignment\Data\IMG\center_2026_08_03_20_17_34_899.jpg,D:\Madhav Rajpal\Sem 8 college\CV\Final Assignment\Data\IMG\left_2026_08_03_20_17_34_899.jpg,D:\Madhav Rajpal\Sem 8 college\CV\Final Assignment\Data\IMG\right_2026_08_03_20_17_34_899.jpg,0,1,0,30.19045
D:\Madhav Rajpal\Sem 8 college\CV\Final Assignment\Data\IMG\center_2026_08_03_20_17_34_987.jpg,D:\Madhav Rajpal\Sem 8 college\CV\Final Assignment\Data\IMG\left_2026_08_03_20_17_34_987.jpg,D:\Madhav Rajpal\Sem 8 college\CV\Final Assignment\Data\IMG\right_2026_08_03_20_17_34_987.jpg,0,1,0,30.19046
D:\Madhav Rajpal\Sem 8 college\CV\Final Assignment\Data\IMG\center_2026_08_03_20_17_35_061.jpg,D:\Madhav Rajpal\Sem 8 college\CV\Final Assignment\Data\IMG\left_2026_08_03_20_17_35_061.jpg,D:\Madhav Rajpal\Sem 8 college\CV\Final Assignment\Data\IMG\right_2026_08_03_20_17_35_061.jpg,0,1,0,30.19046
D:\Madhav Rajpal\Sem 8 college\CV\Final Assignment\Data\IMG\center_2026_08_03_20_17_35_138.jpg,D:\Madhav Rajpal\Sem 8 college\CV\Final Assignment\Data\IMG\left_2026_08_03_20_17_35_138.jpg,D:\Madhav Rajpal\Sem 8 college\CV\Final Assignment\Data\IMG\right_2026_08_03_20_17_35_138.jpg,0,1,0,30.19046
D:\Madhav Rajpal\Sem 8 college\CV\Final Assignment\Data\IMG\center_2026_08_03_20_17_35_217.jpg,D:\Madhav Rajpal\Sem 8 college\CV\Final Assignment\Data\IMG\left_2026_08_03_20_17_35_217.jpg,D:\Madhav Rajpal\Sem 8 college\CV\Final Assignment\Data\IMG\right_2026_08_03_20_17_35_217.jpg,0,1,0,30.19045
D:\Madhav Rajpal\Sem 8 college\CV\Final Assignment\Data\IMG\center_2026_08_03_20_17_35_292.jpg,D:\Madhav Rajpal\Sem 8 college\CV\Final Assignment\Data\IMG\left_2026_08_03_20_17_35_292.jpg,D:\Madhav Rajpal\Sem 8 college\CV\Final Assignment\Data\IMG\right_2026_08_03_20_17_35_292.jpg,0,1,0,30.19046
D:\Madhav Rajpal\Sem 8 college\CV\Final Assignment\Data\IMG\center_2026_08_03_20_17_35_364.jpg,D:\Madhav Rajpal\Sem 8 college\CV\Final Assignment\Data\IMG\left_2026_08_03_20_17_35_364.jpg,D:\Madhav Rajpal\Sem 8 college\CV\Final Assignment\Data\IMG\right_2026_08_03_20_17_35_364.jpg,0,1,0,30.19045
D:\Madhav Rajpal\Sem 8 college\CV\Final Assignment\Data\IMG\center_2026_08_03_20_17_35_435.jpg,D:\Madhav Rajpal\Sem 8 college\CV\Final Assignment\Data\IMG\left_2026_08_03_20_17_35_435.jpg,D:\Madhav Rajpal\Sem 8 college\CV\Final Assignment\Data\IMG\right_2026_08_03_20_17_35_435.jpg,0,1,0,30.19043
D:\Madhav Rajpal\Sem 8 college\CV\Final Assignment\Data\IMG\center_2026_08_03_20_17_35_509.jpg,D:\Madhav Rajpal\Sem 8 college\CV\Final Assignment\Data\IMG\left_2026_08_03_20_17_35_509.jpg,D:\Madhav Rajpal\Sem 8 college\CV\Final Assignment\Data\IMG\right_2026_08_03_20_17_35_509.jpg,0,1,0,30.19047
D:\Madhav Rajpal\Sem 8 college\CV\Final Assignment\Data\IMG\center_2026_08_03_20_17_35_581.jpg,D:\Madhav Rajpal\Sem 8 college\CV\Final Assignment\Data\IMG\left_2026_08_03_20_17_35_581.jpg,D:\Madhav Rajpal\Sem 8 college\CV\Final Assignment\Data\IMG\right_2026_08_03_20_17_35_581.jpg,-0.01176471,1,0,30.19038
D:\Madhav Rajpal\Sem 8 college\CV\Final Assignment\Data\IMG\center_2026_08_03_20_17_35_653.jpg,D:\Madhav Rajpal\Sem 8 college\CV\Final Assignment\Data\IMG\left_2026_08_03_20_17_35_653.jpg,D:\Madhav Rajpal\Sem 8 college\CV\Final Assignment\Data\IMG\right_2026_08_03_20_17_35_653.jpg,-0.01764706,1,0,30.19037
D:\Madhav Rajpal\Sem 8 college\CV\Final Assignment\Data\IMG\center_2026_08_03_20_17_35_726.jpg,D:\Madhav Rajpal\Sem 8 college\CV\Final Assignment\Data\IMG\left_2026_08_03_20_17_35_726.jpg,D:\Madhav Rajpal\Sem 8 college\CV\Final Assignment\Data\IMG\right_2026_08_03_20_17_35_726.jpg,-0.02352941,1,0,30.19034
D:\Madhav Rajpal\Sem 8 college\CV\Final Assignment\Data\IMG\center_2026_08_03_20_17_35_794.jpg,D:\Madhav Rajpal\Sem 8 college\CV\Final Assignment\Data\IMG\left_2026_08_03_20_17_35_794.jpg,D:\Madhav Rajpal\Sem 8 college\CV\Final Assignment\Data\IMG\right_2026_08_03_20_17_35_794.jpg,-0.02352941,1,0,30.19017
D:\Madhav Rajpal\Sem 8 college\CV\Final Assignment\Data\IMG\center_2026_08_03_20_17_35_864.jpg,D:\Madhav Rajpal\Sem 8 college\CV\Final Assignment\Data\IMG\left_2026_08_03_20_17_35_864.jpg,D:\Madhav Rajpal\Sem 8 college\CV\Final Assignment\Data\IMG\right_2026_08_03_20_17_35_864.jpg,-0.02352941,1,0,30.19117
D:\Madhav Rajpal\Sem 8 college\CV\Final Assignment\Data\IMG\center_2026_08_03_20_17_35_935.jpg,D:\Madhav Rajpal\Sem 8 college\CV\Final Assignment\Data\IMG\left_2026_08_03_20_17_35_935.jpg,D:\Madhav Rajpal\Sem 8 college\CV\Final Assignment\Data\IMG\right_2026_08_03_20_17_35_935.jpg,-0.03529412,1,0,30.19012
D:\Madhav Rajpal\Sem 8 college\CV\Final Assignment\Data\IMG\center_2026_08_03_20_17_36_007.jpg,D:\Madhav Rajpal\Sem 8 college\CV\Final Assignment\Data\IMG\left_2026_08_03_20_17_36_007.jpg,D:\Madhav Rajpal\Sem 8 college\CV\Final Assignment\Data\IMG\right_2026_08_03_20_17_36_007.jpg,-0.03529412,1,0,30.18971
D:\Madhav Rajpal\Sem 8 college\CV\Final Assignment\Data\IMG\center_2026_08_03_20_17_36_076.jpg,D:\Madhav Rajpal\Sem 8 college\CV\Final Assignment\Data\IMG\left_2026_08_03_20_17_36_076.jpg,D:\Madhav Rajpal\Sem 8 college\CV\Final Assignment\Data\IMG\right_2026_08_03_20_17_36_076.jpg,-0.03529412,1,0,30.19111
D:\Madhav Rajpal\Sem 8 college\CV\Final Assignment\Data\IMG\center_2026_08_03_20_17_36_153.jpg,D:\Madhav Rajpal\Sem 8 college\CV\Final Assignment\Data\IMG\left_2026_08_03_20_17_36_153.jpg,D:\Madhav Rajpal\Sem 8 college\CV\Final Assignment\Data\IMG\right_2026_08_03_20_17_36_153.jpg,-0.03529412,1,0,30.19012
D:\Madhav Rajpal\Sem 8 college\CV\Final Assignment\Data\IMG\center_2026_08_03_20_17_36_225.jpg,D:\Madhav Rajpal\Sem 8 college\CV\Final Assignment\Data\IMG\left_2026_08_03_20_17_36_225.jpg,D:\Madhav Rajpal\Sem 8 college\CV\Final Assignment\Data\IMG\right_2026_08_03_20_17_36_225.jpg,-0.03529412,1,0,30.1902
D:\Madhav Rajpal\Sem 8 college\CV\Final Assignment\Data\IMG\center_2026_08_03_20_17_36_297.jpg,D:\Madhav Rajpal\Sem 8 college\CV\Final Assignment\Data\IMG\left_2026_08_03_20_17_36_297.jpg,D:\Madhav Rajpal\Sem 8 college\CV\Final Assignment\Data\IMG\right_2026_08_03_20_17_36_297.jpg,-0.03529412,1,0,30.19025
D:\Madhav Rajpal\Sem 8 college\CV\Final Assignment\Data\IMG\center_2026_08_03_20_17_36_365.jpg,D:\Madhav Rajpal\Sem 8 college\CV\Final Assignment\Data\IMG\left_2026_08_03_20_17_36_365.jpg,D:\Madhav Rajpal\Sem 8 college\CV\Final Assignment\Data\IMG\right_2026_08_03_20_17_36_365.jpg,-0.03529412,1,0,30.19027
D:\Madhav Rajpal\Sem 8 college\CV\Final Assignment\Data\IMG\center_2026_08_03_20_17_36_434.jpg,D:\Madhav Rajpal\Sem 8 college\CV\Final Assignment\Data\IMG\left_2026_08_03_20_17_36_434.jpg,D:\Madhav Rajpal\Sem 8 college\CV\Final Assignment\Data\IMG\right_2026_08_03_20_17_36_434.jpg,-0.03529412,1,0,30.19029
D:\Madhav Rajpal\Sem 8 college\CV\Final Assignment\Data\IMG\center_2026_08_03_20_17_36_502.jpg,D:\Madhav Rajpal\Sem 8 college\CV\Final Assignment\Data\IMG\left_2026_08_03_20_17_36_502.jpg,D:\Madhav Rajpal\Sem 8 college\CV\Final Assignment\Data\IMG\right_2026_08_03_20_17_36_502.jpg,-0.03529412,1,0,30.1903
D:\Madhav Rajpal\Sem 8 college\CV\Final Assignment\Data\IMG\center_2026_08_03_20_17_36_572.jpg,D:\Madhav Rajpal\Sem 8 college\CV\Final Assignment\Data\IMG\left_2026_08_03_20_17_36_572.jpg,D:\Madhav Rajpal\Sem 8 college\CV\Final Assignment\Data\IMG\right_2026_08_03_20_17_36_572.jpg,-0.03529412,1,0,30.1903
D:\Madhav Rajpal\Sem 8 college\CV\Final Assignment\Data\IMG\center_2026_08_03_20_17_36_639.jpg,D:\Madhav Rajpal\Sem 8 college\CV\Final Assignment\Data\IMG\left_2026_08_03_20_17_36_639.jpg,D:\Madhav Rajpal\Sem 8 college\CV\Final Assignment\Data\IMG\right_2026_08_03_20_17_36_639.jpg,-0.03529412,1,0,30.19028
D:\Madhav Rajpal\Sem 8 college\CV\Final Assignment\Data\IMG\center_2026_08_03_20_17_36_721.jpg,D:\Madhav Rajpal\Sem 8 college\CV\Final Assignment\Data\IMG\left_2026_08_03_20_17_36_721.jpg,D:\Madhav Rajpal\Sem 8 college\CV\Final Assignment\Data\IMG\right_2026_08_03_20_17_36_721.jpg,-0.03529412,1,0,30.19028
D:\Madhav Rajpal\Sem 8 college\CV\Final Assignment\Data\IMG\center_2026_08_03_20_17_36_787.jpg,D:\Madhav Rajpal\Sem 8 college\CV\Final Assignment\Data\IMG\left_2026_08_03_20_17_36_787.jpg,D:\Madhav Rajpal\Sem 8 college\CV\Final Assignment\Data\IMG\right_2026_08_03_20_17_36_787.jpg,-0.03529412,1,0,30.19027
D:\Madhav Rajpal\Sem 8 college\CV\Final Assignment\Data\IMG\center_2026_08_03_20_17_36_854.jpg,D:\Madhav Rajpal\Sem 8 college\CV\Final Assignment\Data\IMG\left_2026_08_03_20_17_36_854.jpg,D:\Madhav Rajpal\Sem 8 college\CV\Final Assignment\Data\IMG\right_2026_08_03_20_17_36_854.jpg,-0.03529412,1,0,30.19029
D:\Madhav Rajpal\Sem 8 college\CV\Final Assignment\Data\IMG\center_2026_08_03_20_17_36_933.jpg,D:\Madhav Rajpal\Sem 8 college\CV\Final Assignment\Data\IMG\left_2026_08_03_20_17_36_933.jpg,D:\Madhav Rajpal\Sem 8 college\CV\Final Assignment\Data\IMG\right_2026_08_03_20_17_36_933.jpg,-0.03529412,1,0,30.19026
D:\Madhav Rajpal\Sem 8 college\CV\Final Assignment\Data\IMG\center_2026_08_03_20_17_37_002.jpg,D:\Madhav Rajpal\Sem 8 college\CV\Final Assignment\Data\IMG\left_2026_08_03_20_17_37_002.jpg,D:\Madhav Rajpal\Sem 8 college\CV\Final Assignment\Data\IMG\right_2026_08_03_20_17_37_002.jpg,-0.03529412,1,0,30.19027
D:\Madhav Rajpal\Sem 8 college\CV\Final Assignment\Data\IMG\center_2026_08_03_20_17_37_081.jpg,D:\Madhav Rajpal\Sem 8 college\CV\Final Assignment\Data\IMG\left_2026_08_03_20_17_37_081.jpg,D:\Madhav Rajpal\Sem 8 college\CV\Final Assignment\Data\IMG\right_2026_08_03_20_17_37_081.jpg,-0.03529412,1,0,30.19028
D:\Madhav Rajpal\Sem 8 college\CV\Final Assignment\Data\IMG\center_2026_08_03_20_17_37_159.jpg,D:\Madhav Rajpal\Sem 8 college\CV\Final Assignment\Data\IMG\left_2026_08_03_20_17_37_159.jpg,D:\Madhav Rajpal\Sem 8 college\CV\Final Assignment\Data\IMG\right_2026_08_03_20_17_37_159.jpg,-0.03529412,1,0,30.19024
D:\Madhav Rajpal\Sem 8 college\CV\Final Assignment\Data\IMG\center_2026_08_03_20_17_37_227.jpg,D:\Madhav Rajpal\Sem 8 college\CV\Final Assignment\Data\IMG\left_2026_08_03_20_17_37_227.jpg,D:\Madhav Rajpal\Sem 8 college\CV\Final Assignment\Data\IMG\right_2026_08_03_20_17_37_227.jpg,-0.03529412,1,0,30.1903
D:\Madhav Rajpal\Sem 8 college\CV\Final Assignment\Data\IMG\center_2026_08_03_20_17_37_296.jpg,D:\Madhav Rajpal\Sem 8 college\CV\Final Assignment\Data\IMG\left_2026_08_03_20_17_37_296.jpg,D:\Madhav Rajpal\Sem 8 college\CV\Final Assignment\Data\IMG\right_2026_08_03_20_17_37_296.jpg,-0.03529412,1,0,30.19031
D:\Madhav Rajpal\Sem 8 college\CV\Final Assignment\Data\IMG\center_2026_08_03_20_17_37_363.jpg,D:\Madhav Rajpal\Sem 8 college\CV\Final Assignment\Data\IMG\left_2026_08_03_20_17_37_363.jpg,D:\Madhav Rajpal\Sem 8 college\CV\Final Assignment\Data\IMG\right_2026_08_03_20_17_37_363.jpg,-0.03529412,1,0,30.19025
D:\Madhav Rajpal\Sem 8 college\CV\Final Assignment\Data\IMG\center_2026_08_03_20_17_37_438.jpg,D:\Madhav Rajpal\Sem 8 college\CV\Final Assignment\Data\IMG\left_2026_08_03_20_17_37_438.jpg,D:\Madhav Rajpal\Sem 8 college\CV\Final Assignment\Data\IMG\right_2026_08_03_20_17_37_438.jpg,-0.03529412,1,0,30.19028
D:\Madhav Rajpal\Sem 8 college\CV\Final Assignment\Data\IMG\center_2026_08_03_20_17_37_517.jpg,D:\Madhav Rajpal\Sem 8 college\CV\Final Assignment\Data\IMG\left_2026_08_03_20_17_37_517.jpg,D:\Madhav Rajpal\Sem 8 college\CV\Final Assignment\Data\IMG\right_2026_08_03_20_17_37_517.jpg,-0.03529412,1,0,30.19026
D:\Madhav Rajpal\Sem 8 college\CV\Final Assignment\Data\IMG\center_2026_08_03_20_17_37_590.jpg,D:\Madhav Rajpal\Sem 8 college\CV\Final Assignment\Data\IMG\left_2026_08_03_20_17_37_590.jpg,D:\Madhav Rajpal\Sem 8 college\CV\Final Assignment\Data\IMG\right_2026_08_03_20_17_37_590.jpg,-0.03529412,1,0,30.19025
D:\Madhav Rajpal\Sem 8 college\CV\Final Assignment\Data\IMG\center_2026_08_03_20_17_37_660.jpg,D:\Madhav Rajpal\Sem 8 college\CV\Final Assignment\Data\IMG\left_2026_08_03_20_17_37_660.jpg,D:\Madhav Rajpal\Sem 8 college\CV\Final Assignment\Data\IMG\right_2026_08_03_20_17_37_660.jpg,-0.03529412,1,0,30.19025
D:\Madhav Rajpal\Sem 8 college\CV\Final Assignment\Data\IMG\center_2026_08_03_20_17_37_735.jpg,D:\Madhav Rajpal\Sem 8 college\CV\Final Assignment\Data\IMG\left_2026_08_03_20_17_37_735.jpg,D:\Madhav Rajpal\Sem 8 college\CV\Final Assignment\Data\IMG\right_2026_08_03_20_17_37_735.jpg,-0.03529412,1,0,30.19029
D:\Madhav Rajpal\Sem 8 college\CV\Final Assignment\Data\IMG\center_2026_08_03_20_17_37_809.jpg,D:\Madhav Rajpal\Sem 8 college\CV\Final Assignment\Data\IMG\left_2026_08_03_20_17_37_809.jpg,D:\Madhav Rajpal\Sem 8 college\CV\Final Assignment\Data\IMG\right_2026_08_03_20_17_37_809.jpg,-0.03529412,1,0,30.19027
D:\Madhav Rajpal\Sem 8 college\CV\Final Assignment\Data\IMG\center_2026_08_03_20_17_37_885.jpg,D:\Madhav Rajpal\Sem 8 college\CV\Final Assignment\Data\IMG\left_2026_08_03_20_17_37_885.jpg,D:\Madhav Rajpal\Sem 8 college\CV\Final Assignment\Data\IMG\right_2026_08_03_20_17_37_885.jpg,-0.03529412,1,0,30.19027
D:\Madhav Rajpal\Sem 8 college\CV\Final Assignment\Data\IMG\center_2026_08_03_20_17_37_961.jpg,D:\Madhav Rajpal\Sem 8 college\CV\Final Assignment\Data\IMG\left_2026_08_03_20_17_37_961.jpg,D:\Madhav Rajpal\Sem 8 college\CV\Final Assignment\Data\IMG\right_2026_08_03_20_17_37_961.jpg,-0.03529412,1,0,30.19029
D:\Madhav Rajpal\Sem 8 college\CV\Final Assignment\Data\IMG\center_2026_08_03_20_17_38_038.jpg,D:\Madhav Rajpal\Sem 8 college\CV\Final Assignment\Data\IMG\left_2026_08_03_20_17_38_038.jpg,D:\Madhav Rajpal\Sem 8 college\CV\Final Assignment\Data\IMG\right_2026_08_03_20_17_38_038.jpg,-0.03529412,1,0,30.19024
D:\Madhav Rajpal\Sem 8 college\CV\Final Assignment\Data\IMG\center_2026_08_03_20_17_38_116.jpg,D:\Madhav Rajpal\Sem 8 college\CV\Final Assignment\Data\IMG\left_2026_08_03_20_17_38_116.jpg,D:\Madhav Rajpal\Sem 8 college\CV\Final Assignment\Data\IMG\right_2026_08_03_20_17_38_116.jpg,-0.03529412,1,0,30.19025
D:\Madhav Rajpal\Sem 8 college\CV\Final Assignment\Data\IMG\center_2026_08_03_20_17_38_194.jpg,D:\Madhav Rajpal\Sem 8 college\CV\Final Assignment\Data\IMG\left_2026_08_03_20_17_38_194.jpg,D:\Madhav Rajpal\Sem 8 college\CV\Final Assignment\Data\IMG\right_2026_08_03_20_17_38_194.jpg,-0.03529412,1,0,30.19025
D:\Madhav Rajpal\Sem 8 college\CV\Final Assignment\Data\IMG\center_2026_08_03_20_17_38_269.jpg,D:\Madhav Rajpal\Sem 8 college\CV\Final Assignment\Data\IMG\left_2026_08_03_20_17_38_269.jpg,D:\Madhav Rajpal\Sem 8 college\CV\Final Assignment\Data\IMG\right_2026_08_03_20_17_38_269.jpg,-0.03529412,1,0,30.1903
D:\Madhav Rajpal\Sem 8 college\CV\Final Assignment\Data\IMG\center_2026_08_03_20_17_38_348.jpg,D:\Madhav Rajpal\Sem 8 college\CV\Final Assignment\Data\IMG\left_2026_08_03_20_17_38_348.jpg,D:\Madhav Rajpal\Sem 8 college\CV\Final Assignment\Data\IMG\right_2026_08_03_20_17_38_348.jpg,-0.03529412,1,0,30.1903
D:\Madhav Rajpal\Sem 8 college\CV\Final Assignment\Data\IMG\center_2026_08_03_20_17_38_424.jpg,D:\Madhav Rajpal\Sem 8 college\CV\Final Assignment\Data\IMG\left_2026_08_03_20_17_38_424.jpg,D:\Madhav Rajpal\Sem 8 college\CV\Final Assignment\Data\IMG\right_2026_08_03_20_17_38_424.jpg,-0.03529412,1,0,30.19029
D:\Madhav Rajpal\Sem 8 college\CV\Final Assignment\Data\IMG\center_2026_08_03_20_17_38_495.jpg,D:\Madhav Rajpal\Sem 8 college\CV\Final Assignment\Data\IMG\left_2026_08_03_20_17_38_495.jpg,D:\Madhav Rajpal\Sem 8 college\CV\Final Assignment\Data\IMG\right_2026_08_03_20_17_38_495.jpg,-0.03529412,1,0,30.18993
D:\Madhav Rajpal\Sem 8 college\CV\Final Assignment\Data\IMG\center_2026_08_03_20_17_38_567.jpg,D:\Madhav Rajpal\Sem 8 college\CV\Final Assignment\Data\IMG\left_2026_08_03_20_17_38_567.jpg,D:\Madhav Rajpal\Sem 8 college\CV\Final Assignment\Data\IMG\right_2026_08_03_20_17_38_567.jpg,-0.03529412,1,0,30.19018
D:\Madhav Rajpal\Sem 8 college\CV\Final Assignment\Data\IMG\center_2026_08_03_20_17_38_641.jpg,D:\Madhav Rajpal\Sem 8 college\CV\Final Assignment\Data\IMG\left_2026_08_03_20_17_38_641.jpg,D:\Madhav Rajpal\Sem 8 college\CV\Final Assignment\Data\IMG\right_2026_08_03_20_17_38_641.jpg,0,1,0,30.19099
D:\Madhav Rajpal\Sem 8 college\CV\Final Assignment\Data\IMG\center_2026_08_03_20_17_38_716.jpg,D:\Madhav Rajpal\Sem 8 college\CV\Final Assignment\Data\IMG\left_2026_08_03_20_17_38_716.jpg,D:\Madhav Rajpal\Sem 8 college\CV\Final Assignment\Data\IMG\right_2026_08_03_20_17_38_716.jpg,0.05294118,1,0,30.18856
D:\Madhav Rajpal\Sem 8 college\CV\Final Assignment\Data\IMG\center_2026_08_03_20_17_38_786.jpg,D:\Madhav Rajpal\Sem 8 college\CV\Final Assignment\Data\IMG\left_2026_08_03_20_17_38_786.jpg,D:\Madhav Rajpal\Sem 8 college\CV\Final Assignment\Data\IMG\right_2026_08_03_20_17_38_786.jpg,0.05294118,1,0,30.18974
D:\Madhav Rajpal\Sem 8 college\CV\Final Assignment\Data\IMG\center_2026_08_03_20_17_38_860.jpg,D:\Madhav Rajpal\Sem 8 college\CV\Final Assignment\Data\IMG\left_2026_08_03_20_17_38_860.jpg,D:\Madhav Rajpal\Sem 8 college\CV\Final Assignment\Data\IMG\right_2026_08_03_20_17_38_860.jpg,0.06470589,1,0,30.18969
D:\Madhav Rajpal\Sem 8 college\CV\Final Assignment\Data\IMG\center_2026_08_03_20_17_38_934.jpg,D:\Madhav Rajpal\Sem 8 college\CV\Final Assignment\Data\IMG\left_2026_08_03_20_17_38_934.jpg,D:\Madhav Rajpal\Sem 8 college\CV\Final Assignment\Data\IMG\right_2026_08_03_20_17_38_934.jpg,0.06470589,1,0,30.18993
D:\Madhav Rajpal\Sem 8 college\CV\Final Assignment\Data\IMG\center_2026_08_03_20_17_39_002.jpg,D:\Madhav Rajpal\Sem 8 college\CV\Final Assignment\Data\IMG\left_2026_08_03_20_17_39_002.jpg,D:\Madhav Rajpal\Sem 8 college\CV\Final Assignment\Data\IMG\right_2026_08_03_20_17_39_002.jpg,0.06470589,1,0,30.19004
D:\Madhav Rajpal\Sem 8 college\CV\Final Assignment\Data\IMG\center_2026_08_03_20_17_39_083.jpg,D:\Madhav Rajpal\Sem 8 college\CV\Final Assignment\Data\IMG\left_2026_08_03_20_17_39_083.jpg,D:\Madhav Rajpal\Sem 8 college\CV\Final Assignment\Data\IMG\right_2026_08_03_20_17_39_083.jpg,0.06470589,1,0,30.19016
D:\Madhav Rajpal\Sem 8 college\CV\Final Assignment\Data\IMG\center_2026_08_03_20_17_39_154.jpg,D:\Madhav Rajpal\Sem 8 college\CV\Final Assignment\Data\IMG\left_2026_08_03_20_17_39_154.jpg,D:\Madhav Rajpal\Sem 8 college\CV\Final Assignment\Data\IMG\right_2026_08_03_20_17_39_154.jpg,0.06470589,1,0,30.19024
D:\Madhav Rajpal\Sem 8 college\CV\Final Assignment\Data\IMG\center_2026_08_03_20_17_39_221.jpg,D:\Madhav Rajpal\Sem 8 college\CV\Final Assignment\Data\IMG\left_2026_08_03_20_17_39_221.jpg,D:\Madhav Rajpal\Sem 8 college\CV\Final Assignment\Data\IMG\right_2026_08_03_20_17_39_221.jpg,0.06470589,1,0,30.19029
D:\Madhav Rajpal\Sem 8 college\CV\Final Assignment\Data\IMG\center_2026_08_03_20_17_39_298.jpg,D:\Madhav Rajpal\Sem 8 college\CV\Final Assignment\Data\IMG\left_2026_08_03_20_17_39_298.jpg,D:\Madhav Rajpal\Sem 8 college\CV\Final Assignment\Data\IMG\right_2026_08_03_20_17_39_298.jpg,0.01764706,1,0,30.19044
D:\Madhav Rajpal\Sem 8 college\CV\Final Assignment\Data\IMG\center_2026_08_03_20_17_39_371.jpg,D:\Madhav Rajpal\Sem 8 college\CV\Final Assignment\Data\IMG\left_2026_08_03_20_17_39_371.jpg,D:\Madhav Rajpal\Sem 8 college\CV\Final Assignment\Data\IMG\right_2026_08_03_20_17_39_371.jpg,0.01764706,1,0,30.19046
D:\Madhav Rajpal\Sem 8 college\CV\Final Assignment\Data\IMG\center_2026_08_03_20_17_39_443.jpg,D:\Madhav Rajpal\Sem 8 college\CV\Final Assignment\Data\IMG\left_2026_08_03_20_17_39_443.jpg,D:\Madhav Rajpal\Sem 8 college\CV\Final Assignment\Data\IMG\right_2026_08_03_20_17_39_443.jpg,0.01176471,1,0,30.19051
D:\Madhav Rajpal\Sem 8 college\CV\Final Assignment\Data\IMG\center_2026_08_03_20_17_39_518.jpg,D:\Madhav Rajpal\Sem 8 college\CV\Final Assignment\Data\IMG\left_2026_08_03_20_17_39_518.jpg,D:\Madhav Rajpal\Sem 8 college\CV\Final Assignment\Data\IMG\right_2026_08_03_20_17_39_518.jpg,-0.01176471,1,0,30.19032
D:\Madhav Rajpal\Sem 8 college\CV\Final Assignment\Data\IMG\center_2026_08_03_20_17_39_594.jpg,D:\Madhav Rajpal\Sem 8 college\CV\Final Assignment\Data\IMG\left_2026_08_03_20_17_39_594.jpg,D:\Madhav Rajpal\Sem 8 college\CV\Final Assignment\Data\IMG\right_2026_08_03_20_17_39_594.jpg,-0.02352941,1,0,30.19048
D:\Madhav Rajpal\Sem 8 college\CV\Final Assignment\Data\IMG\center_2026_08_03_20_17_39_669.jpg,D:\Madhav Rajpal\Sem 8 college\CV\Final Assignment\Data\IMG\left_2026_08_03_20_17_39_669.jpg,D:\Madhav Rajpal\Sem 8 college\CV\Final Assignment\Data\IMG\right_2026_08_03_20_17_39_669.jpg,-0.02352941,1,0,30.19012
D:\Madhav Rajpal\Sem 8 college\CV\Final Assignment\Data\IMG\center_2026_08_03_20_17_39_738.jpg,D:\Madhav Rajpal\Sem 8 college\CV\Final Assignment\Data\IMG\left_2026_08_03_20_17_39_738.jpg,D:\Madhav Rajpal\Sem 8 college\CV\Final Assignment\Data\IMG\right_2026_08_03_20_17_39_738.jpg,-0.02352941,1,0,30.19025
D:\Madhav Rajpal\Sem 8 college\CV\Final Assignment\Data\IMG\center_2026_08_03_20_17_39_813.jpg,D:\Madhav Rajpal\Sem 8 college\CV\Final Assignment\Data\IMG\left_2026_08_03_20_17_39_813.jpg,D:\Madhav Rajpal\Sem 8 college\CV\Final Assignment\Data\IMG\right_2026_08_03_20_17_39_813.jpg,-0.02352941,1,0,30.19039
D:\Madhav Rajpal\Sem 8 college\CV\Final Assignment\Data\IMG\center_2026_08_03_20_17_39_884.jpg,D:\Madhav Rajpal\Sem 8 college\CV\Final Assignment\Data\IMG\left_2026_08_03_20_17_39_884.jpg,D:\Madhav Rajpal\Sem 8 college\CV\Final Assignment\Data\IMG\right_2026_08_03_20_17_39_884.jpg,-0.02941176,1,0,30.1901
D:\Madhav Rajpal\Sem 8 college\CV\Final Assignment\Data\IMG\center_2026_08_03_20_17_39_958.jpg,D:\Madhav Rajpal\Sem 8 college\CV\Final Assignment\Data\IMG\left_2026_08_03_20_17_39_958.jpg,D:\Madhav Rajpal\Sem 8 college\CV\Final Assignment\Data\IMG\right_2026_08_03_20_17_39_958.jpg,-0.02941176,1,0,30.19021
D:\Madhav Rajpal\Sem 8 college\CV\Final Assignment\Data\IMG\center_2026_08_03_20_17_40_033.jpg,D:\Madhav Rajpal\Sem 8 college\CV\Final Assignment\Data\IMG\left_2026_08_03_20_17_40_033.jpg,D:\Madhav Rajpal\Sem 8 college\CV\Final Assignment\Data\IMG\right_2026_08_03_20_17_40_033.jpg,-0.02941176,1,0,30.19017
D:\Madhav Rajpal\Sem 8 college\CV\Final Assignment\Data\IMG\center_2026_08_03_20_17_40_103.jpg,D:\Madhav Rajpal\Sem 8 college\CV\Final Assignment\Data\IMG\left_2026_08_03_20_17_40_103.jpg,D:\Madhav Rajpal\Sem 8 college\CV\Final Assignment\Data\IMG\right_2026_08_03_20_17_40_103.jpg,-0.02941176,1,0,30.19025
D:\Madhav Rajpal\Sem 8 college\CV\Final Assignment\Data\IMG\center_2026_08_03_20_17_40_176.jpg,D:\Madhav Rajpal\Sem 8 college\CV\Final Assignment\Data\IMG\left_2026_08_03_20_17_40_176.jpg,D:\Madhav Rajpal\Sem 8 college\CV\Final Assignment\Data\IMG\right_2026_08_03_20_17_40_176.jpg,-0.02941176,1,0,30.19029
D:\Madhav Rajpal\Sem 8 college\CV\Final Assignment\Data\IMG\center_2026_08_03_20_17_40_252.jpg,D:\Madhav Rajpal\Sem 8 college\CV\Final Assignment\Data\IMG\left_2026_08_03_20_17_40_252.jpg,D:\Madhav Rajpal\Sem 8 college\CV\Final Assignment\Data\IMG\right_2026_08_03_20_17_40_252.jpg,-0.02941176,1,0,30.19026
D:\Madhav Rajpal\Sem 8 college\CV\Final Assignment\Data\IMG\center_2026_08_03_20_17_40_319.jpg,D:\Madhav Rajpal\Sem 8 college\CV\Final Assignment\Data\IMG\left_2026_08_03_20_17_40_319.jpg,D:\Madhav Rajpal\Sem 8 college\CV\Final Assignment\Data\IMG\right_2026_08_03_20_17_40_319.jpg,-0.02941176,1,0,30.19025
D:\Madhav Rajpal\Sem 8 college\CV\Final Assignment\Data\IMG\center_2026_08_03_20_17_40_397.jpg,D:\Madhav Rajpal\Sem 8 college\CV\Final Assignment\Data\IMG\left_2026_08_03_20_17_40_397.jpg,D:\Madhav Rajpal\Sem 8 college\CV\Final Assignment\Data\IMG\right_2026_08_03_20_17_40_397.jpg,-0.02941176,1,0,30.19029
D:\Madhav Rajpal\Sem 8 college\CV\Final Assignment\Data\IMG\center_2026_08_03_20_17_40_467.jpg,D:\Madhav Rajpal\Sem 8 college\CV\Final Assignment\Data\IMG\left_2026_08_03_20_17_40_467.jpg,D:\Madhav Rajpal\Sem 8 college\CV\Final Assignment\Data\IMG\right_2026_08_03_20_17_40_467.jpg,-0.02941176,1,0,30.19027
D:\Madhav Rajpal\Sem 8 college\CV\Final Assignment\Data\IMG\center_2026_08_03_20_17_40_537.jpg,D:\Madhav Rajpal\Sem 8 college\CV\Final Assignment\Data\IMG\left_2026_08_03_20_17_40_537.jpg,D:\Madhav Rajpal\Sem 8 college\CV\Final Assignment\Data\IMG\right_2026_08_03_20_17_40_537.jpg,-0.02941176,1,0,30.19027
D:\Madhav Rajpal\Sem 8 college\CV\Final Assignment\Data\IMG\center_2026_08_03_20_17_40_613.jpg,D:\Madhav Rajpal\Sem 8 college\CV\Final Assignment\Data\IMG\left_2026_08_03_20_17_40_613.jpg,D:\Madhav Rajpal\Sem 8 college\CV\Final Assignment\Data\IMG\right_2026_08_03_20_17_40_613.jpg,-0.02941176,1,0,30.19027
D:\Madhav Rajpal\Sem 8 college\CV\Final Assignment\Data\IMG\center_2026_08_03_20_17_40_685.jpg,D:\Madhav Rajpal\Sem 8 college\CV\Final Assignment\Data\IMG\left_2026_08_03_20_17_40_685.jpg,D:\Madhav Rajpal\Sem 8 college\CV\Final Assignment\Data\IMG\right_2026_08_03_20_17_40_685.jpg,-0.02941176,1,0,30.1903
D:\Madhav Rajpal\Sem 8 college\CV\Final Assignment\Data\IMG\center_2026_08_03_20_17_40_756.jpg,D:\Madhav Rajpal\Sem 8 college\CV\Final Assignment\Data\IMG\left_2026_08_03_20_17_40_756.jpg,D:\Madhav Rajpal\Sem 8 college\CV\Final Assignment\Data\IMG\right_2026_08_03_20_17_40_756.jpg,-0.02941176,1,0,30.19028
D:\Madhav Rajpal\Sem 8 college\CV\Final Assignment\Data\IMG\center_2026_08_03_20_17_40_835.jpg,D:\Madhav Rajpal\Sem 8 college\CV\Final Assignment\Data\IMG\left_2026_08_03_20_17_40_835.jpg,D:\Madhav Rajpal\Sem 8 college\CV\Final Assignment\Data\IMG\right_2026_08_03_20_17_40_835.jpg,-0.02941176,1,0,30.19026
D:\Madhav Rajpal\Sem 8 college\CV\Final Assignment\Data\IMG\center_2026_08_03_20_17_40_913.jpg,D:\Madhav Rajpal\Sem 8 college\CV\Final Assignment\Data\IMG\left_2026_08_03_20_17_40_913.jpg,D:\Madhav Rajpal\Sem 8 college\CV\Final Assignment\Data\IMG\right_2026_08_03_20_17_40_913.jpg,-0.02941176,1,0,30.19027
D:\Madhav Rajpal\Sem 8 college\CV\Final Assignment\Data\IMG\center_2026_08_03_20_17_40_989.jpg,D:\Madhav Rajpal\Sem 8 college\CV\Final Assignment\Data\IMG\left_2026_08_03_20_17_40_989.jpg,D:\Madhav Rajpal\Sem 8 college\CV\Final Assignment\Data\IMG\right_2026_08_03_20_17_40_989.jpg,-0.02941176,1,0,30.19026
D:\Madhav Rajpal\Sem 8 college\CV\Final Assignment\Data\IMG\center_2026_08_03_20_17_41_067.jpg,D:\Madhav Rajpal\Sem 8 college\CV\Final Assignment\Data\IMG\left_2026_08_03_20_17_41_067.jpg,D:\Madhav Rajpal\Sem 8 college\CV\Final Assignment\Data\IMG\right_2026_08_03_20_17_41_067.jpg,-0.02941176,1,0,30.19024
D:\Madhav Rajpal\Sem 8 college\CV\Final Assignment\Data\IMG\center_2026_08_03_20_17_41_135.jpg,D:\Madhav Rajpal\Sem 8 college\CV\Final Assignment\Data\IMG\left_2026_08_03_20_17_41_135.jpg,D:\Madhav Rajpal\Sem 8 college\CV\Final Assignment\Data\IMG\right_2026_08_03_20_17_41_135.jpg,-0.02941176,1,0,30.19014
D:\Madhav Rajpal\Sem 8 college\CV\Final Assignment\Data\IMG\center_2026_08_03_20_17_41_206.jpg,D:\Madhav Rajpal\Sem 8 college\CV\Final Assignment\Data\IMG\left_2026_08_03_20_17_41_206.jpg,D:\Madhav Rajpal\Sem 8 college\CV\Final Assignment\Data\IMG\right_2026_08_03_20_17_41_206.jpg,-0.02941176,1,0,30.19032
D:\Madhav Rajpal\Sem 8 college\CV\Final Assignment\Data\IMG\center_2026_08_03_20_17_41_273.jpg,D:\Madhav Rajpal\Sem 8 college\CV\Final Assignment\Data\IMG\left_2026_08_03_20_17_41_273.jpg,D:\Madhav Rajpal\Sem 8 college\CV\Final Assignment\Data\IMG\right_2026_08_03_20_17_41_273.jpg,-0.02941176,1,0,30.1903
D:\Madhav Rajpal\Sem 8 college\CV\Final Assignment\Data\IMG\center_2026_08_03_20_17_41_344.jpg,D:\Madhav Rajpal\Sem 8 college\CV\Final Assignment\Data\IMG\left_2026_08_03_20_17_41_344.jpg,D:\Madhav Rajpal\Sem 8 college\CV\Final Assignment\Data\IMG\right_2026_08_03_20_17_41_344.jpg,-0.02941176,1,0,30.19047
D:\Madhav Rajpal\Sem 8 college\CV\Final Assignment\Data\IMG\center_2026_08_03_20_17_41_416.jpg,D:\Madhav Rajpal\Sem 8 college\CV\Final Assignment\Data\IMG\left_2026_08_03_20_17_41_416.jpg,D:\Madhav Rajpal\Sem 8 college\CV\Final Assignment\Data\IMG\right_2026_08_03_20_17_41_416.jpg,-0.02941176,1,0,30.19024
D:\Madhav Rajpal\Sem 8 college\CV\Final Assignment\Data\IMG\center_2026_08_03_20_17_41_486.jpg,D:\Madhav Rajpal\Sem 8 college\CV\Final Assignment\Data\IMG\left_2026_08_03_20_17_41_486.jpg,D:\Madhav Rajpal\Sem 8 college\CV\Final Assignment\Data\IMG\right_2026_08_03_20_17_41_486.jpg,-0.03529412,1,0,30.1902
D:\Madhav Rajpal\Sem 8 college\CV\Final Assignment\Data\IMG\center_2026_08_03_20_17_41_554.jpg,D:\Madhav Rajpal\Sem 8 college\CV\Final Assignment\Data\IMG\left_2026_08_03_20_17_41_554.jpg,D:\Madhav Rajpal\Sem 8 college\CV\Final Assignment\Data\IMG\right_2026_08_03_20_17_41_554.jpg,-0.04117647,1,0,30.19022
D:\Madhav Rajpal\Sem 8 college\CV\Final Assignment\Data\IMG\center_2026_08_03_20_17_41_623.jpg,D:\Madhav Rajpal\Sem 8 college\CV\Final Assignment\Data\IMG\left_2026_08_03_20_17_41_623.jpg,D:\Madhav Rajpal\Sem 8 college\CV\Final Assignment\Data\IMG\right_2026_08_03_20_17_41_623.jpg,-0.04117647,1,0,30.19021
D:\Madhav Rajpal\Sem 8 college\CV\Final Assignment\Data\IMG\center_2026_08_03_20_17_41_693.jpg,D:\Madhav Rajpal\Sem 8 college\CV\Final Assignment\Data\IMG\left_2026_08_03_20_17_41_693.jpg,D:\Madhav Rajpal\Sem 8 college\CV\Final Assignment\Data\IMG\right_2026_08_03_20_17_41_693.jpg,-0.04117647,1,0,30.19027
D:\Madhav Rajpal\Sem 8 college\CV\Final Assignment\Data\IMG\center_2026_08_03_20_17_41_762.jpg,D:\Madhav Rajpal\Sem 8 college\CV\Final Assignment\Data\IMG\left_2026_08_03_20_17_41_762.jpg,D:\Madhav Rajpal\Sem 8 college\CV\Final Assignment\Data\IMG\right_2026_08_03_20_17_41_762.jpg,-0.04117647,1,0,30.19025
D:\Madhav Rajpal\Sem 8 college\CV\Final Assignment\Data\IMG\center_2026_08_03_20_17_41_832.jpg,D:\Madhav Rajpal\Sem 8 college\CV\Final Assignment\Data\IMG\left_2026_08_03_20_17_41_832.jpg,D:\Madhav Rajpal\Sem 8 college\CV\Final Assignment\Data\IMG\right_2026_08_03_20_17_41_832.jpg,-0.04705882,1,0,30.19018
D:\Madhav Rajpal\Sem 8 college\CV\Final Assignment\Data\IMG\center_2026_08_03_20_17_41_902.jpg,D:\Madhav Rajpal\Sem 8 college\CV\Final Assignment\Data\IMG\left_2026_08_03_20_17_41_902.jpg,D:\Madhav Rajpal\Sem 8 college\CV\Final Assignment\Data\IMG\right_2026_08_03_20_17_41_902.jpg,-0.04705882,1,0,30.19023
D:\Madhav Rajpal\Sem 8 college\CV\Final Assignment\Data\IMG\center_2026_08_03_20_17_41_973.jpg,D:\Madhav Rajpal\Sem 8 college\CV\Final Assignment\Data\IMG\left_2026_08_03_20_17_41_973.jpg,D:\Madhav Rajpal\Sem 8 college\CV\Final Assignment\Data\IMG\right_2026_08_03_20_17_41_973.jpg,-0.04705882,1,0,30.19024
D:\Madhav Rajpal\Sem 8 college\CV\Final Assignment\Data\IMG\center_2026_08_03_20_17_42_047.jpg,D:\Madhav Rajpal\Sem 8 college\CV\Final Assignment\Data\IMG\left_2026_08_03_20_17_42_047.jpg,D:\Madhav Rajpal\Sem 8 college\CV\Final Assignment\Data\IMG\right_2026_08_03_20_17_42_047.jpg,-0.04705882,1,0,30.19022
D:\Madhav Rajpal\Sem 8 college\CV\Final Assignment\Data\IMG\center_2026_08_03_20_17_42_118.jpg,D:\Madhav Rajpal\Sem 8 college\CV\Final Assignment\Data\IMG\left_2026_08_03_20_17_42_118.jpg,D:\Madhav Rajpal\Sem 8 college\CV\Final Assignment\Data\IMG\right_2026_08_03_20_17_42_118.jpg,-0.04705882,1,0,30.19023
D:\Madhav Rajpal\Sem 8 college\CV\Final Assignment\Data\IMG\center_2026_08_03_20_17_42_184.jpg,D:\Madhav Rajpal\Sem 8 college\CV\Final Assignment\Data\IMG\left_2026_08_03_20_17_42_184.jpg,D:\Madhav Rajpal\Sem 8 college\CV\Final Assignment\Data\IMG\right_2026_08_03_20_17_42_184.jpg,-0.04705882,1,0,30.19017
D:\Madhav Rajpal\Sem 8 college\CV\Final Assignment\Data\IMG\center_2026_08_03_20_17_42_262.jpg,D:\Madhav Rajpal\Sem 8 college\CV\Final Assignment\Data\IMG\left_2026_08_03_20_17_42_262.jpg,D:\Madhav Rajpal\Sem 8 college\CV\Final Assignment\Data\IMG\right_2026_08_03_20_17_42_262.jpg,-0.04705882,1,0,30.19026
D:\Madhav Rajpal\Sem 8 college\CV\Final Assignment\Data\IMG\center_2026_08_03_20_17_42_332.jpg,D:\Madhav Rajpal\Sem 8 college\CV\Final Assignment\Data\IMG\left_2026_08_03_20_17_42_332.jpg,D:\Madhav Rajpal\Sem 8 college\CV\Final Assignment\Data\IMG\right_2026_08_03_20_17_42_332.jpg,-0.04705882,1,0,30.19054
D:\Madhav Rajpal\Sem 8 college\CV\Final Assignment\Data\IMG\center_2026_08_03_20_17_42_404.jpg,D:\Madhav Rajpal\Sem 8 college\CV\Final Assignment\Data\IMG\left_2026_08_03_20_17_42_404.jpg,D:\Madhav Rajpal\Sem 8 college\CV\Final Assignment\Data\IMG\right_2026_08_03_20_17_42_404.jpg,-0.04705882,1,0,30.19023
D:\Madhav Rajpal\Sem 8 college\CV\Final Assignment\Data\IMG\center_2026_08_03_20_17_42_477.jpg,D:\Madhav Rajpal\Sem 8 college\CV\Final Assignment\Data\IMG\left_2026_08_03_20_17_42_477.jpg,D:\Madhav Rajpal\Sem 8 college\CV\Final Assignment\Data\IMG\right_2026_08_03_20_17_42_477.jpg,-0.04705882,1,0,30.19025
D:\Madhav Rajpal\Sem 8 college\CV\Final Assignment\Data\IMG\center_2026_08_03_20_17_42_549.jpg,D:\Madhav Rajpal\Sem 8 college\CV\Final Assignment\Data\IMG\left_2026_08_03_20_17_42_549.jpg,D:\Madhav Rajpal\Sem 8 college\CV\Final Assignment\Data\IMG\right_2026_08_03_20_17_42_549.jpg,-0.04705882,1,0,30.19004
D:\Madhav Rajpal\Sem 8 college\CV\Final Assignment\Data\IMG\center_2026_08_03_20_17_42_623.jpg,D:\Madhav Rajpal\Sem 8 college\CV\Final Assignment\Data\IMG\left_2026_08_03_20_17_42_623.jpg,D:\Madhav Rajpal\Sem 8 college\CV\Final Assignment\Data\IMG\right_2026_08_03_20_17_42_623.jpg,-0.04705882,1,0,30.19023
D:\Madhav Rajpal\Sem 8 college\CV\Final Assignment\Data\IMG\center_2026_08_03_20_17_42_698.jpg,D:\Madhav Rajpal\Sem 8 college\CV\Final Assignment\Data\IMG\left_2026_08_03_20_17_42_698.jpg,D:\Madhav Rajpal\Sem 8 college\CV\Final Assignment\Data\IMG\right_2026_08_03_20_17_42_698.jpg,-0.04705882,1,0,30.19026
D:\Madhav Rajpal\Sem 8 college\CV\Final Assignment\Data\IMG\center_2026_08_03_20_17_42_770.jpg,D:\Madhav Rajpal\Sem 8 college\CV\Final Assignment\Data\IMG\left_2026_08_03_20_17_42_770.jpg,D:\Madhav Rajpal\Sem 8 college\CV\Final Assignment\Data\IMG\right_2026_08_03_20_17_42_770.jpg,-0.04705882,1,0,30.19026
D:\Madhav Rajpal\Sem 8 college\CV\Final Assignment\Data\IMG\center_2026_08_03_20_17_42_839.jpg,D:\Madhav Rajpal\Sem 8 college\CV\Final Assignment\Data\IMG\left_2026_08_03_20_17_42_839.jpg,D:\Madhav Rajpal\Sem 8 college\CV\Final Assignment\Data\IMG\right_2026_08_03_20_17_42_839.jpg,-0.04705882,1,0,30.19024
D:\Madhav Rajpal\Sem 8 college\CV\Final Assignment\Data\IMG\center_2026_08_03_20_17_42_909.jpg,D:\Madhav Rajpal\Sem 8 college\CV\Final Assignment\Data\IMG\left_2026_08_03_20_17_42_909.jpg,D:\Madhav Rajpal\Sem 8 college\CV\Final Assignment\Data\IMG\right_2026_08_03_20_17_42_909.jpg,-0.04705882,1,0,30.19024
D:\Madhav Rajpal\Sem 8 college\CV\Final Assignment\Data\IMG\center_2026_08_03_20_17_42_977.jpg,D:\Madhav Rajpal\Sem 8 college\CV\Final Assignment\Data\IMG\left_2026_08_03_20_17_42_977.jpg,D:\Madhav Rajpal\Sem 8 college\CV\Final Assignment\Data\IMG\right_2026_08_03_20_17_42_977.jpg,-0.04705882,1,0,30.19027
D:\Madhav Rajpal\Sem 8 college\CV\Final Assignment\Data\IMG\center_2026_08_03_20_17_43_047.jpg,D:\Madhav Rajpal\Sem 8 college\CV\Final Assignment\Data\IMG\left_2026_08_03_20_17_43_047.jpg,D:\Madhav Rajpal\Sem 8 college\CV\Final Assignment\Data\IMG\right_2026_08_03_20_17_43_047.jpg,-0.04705882,1,0,30.19027
D:\Madhav Rajpal\Sem 8 college\CV\Final Assignment\Data\IMG\center_2026_08_03_20_17_43_117.jpg,D:\Madhav Rajpal\Sem 8 college\CV\Final Assignment\Data\IMG\left_2026_08_03_20_17_43_117.jpg,D:\Madhav Rajpal\Sem 8 college\CV\Final Assignment\Data\IMG\right_2026_08_03_20_17_43_117.jpg,-0.04705882,1,0,30.19029
D:\Madhav Rajpal\Sem 8 college\CV\Final Assignment\Data\IMG\center_2026_08_03_20_17_43_193.jpg,D:\Madhav Rajpal\Sem 8 college\CV\Final Assignment\Data\IMG\left_2026_08_03_20_17_43_193.jpg,D:\Madhav Rajpal\Sem 8 college\CV\Final Assignment\Data\IMG\right_2026_08_03_20_17_43_193.jpg,-0.04705882,1,0,30.19026
D:\Madhav Rajpal\Sem 8 college\CV\Final Assignment\Data\IMG\center_2026_08_03_20_17_43_261.jpg,D:\Madhav Rajpal\Sem 8 college\CV\Final Assignment\Data\IMG\left_2026_08_03_20_17_43_261.jpg,D:\Madhav Rajpal\Sem 8 college\CV\Final Assignment\Data\IMG\right_2026_08_03_20_17_43_261.jpg,-0.04705882,1,0,30.19023
D:\Madhav Rajpal\Sem 8 college\CV\Final Assignment\Data\IMG\center_2026_08_03_20_17_43_329.jpg,D:\Madhav Rajpal\Sem 8 college\CV\Final Assignment\Data\IMG\left_2026_08_03_20_17_43_329.jpg,D:\Madhav Rajpal\Sem 8 college\CV\Final Assignment\Data\IMG\right_2026_08_03_20_17_43_329.jpg,-0.04705882,1,0,30.19024
D:\Madhav Rajpal\Sem 8 college\CV\Final Assignment\Data\IMG\center_2026_08_03_20_17_43_399.jpg,D:\Madhav Rajpal\Sem 8 college\CV\Final Assignment\Data\IMG\left_2026_08_03_20_17_43_399.jpg,D:\Madhav Rajpal\Sem 8 college\CV\Final Assignment\Data\IMG\right_2026_08_03_20_17_43_399.jpg,-0.04705882,1,0,30.19024
D:\Madhav Rajpal\Sem 8 college\CV\Final Assignment\Data\IMG\center_2026_08_03_20_17_43_471.jpg,D:\Madhav Rajpal\Sem 8 college\CV\Final Assignment\Data\IMG\left_2026_08_03_20_17_43_471.jpg,D:\Madhav Rajpal\Sem 8 college\CV\Final Assignment\Data\IMG\right_2026_08_03_20_17_43_471.jpg,-0.04705882,1,0,30.1902
D:\Madhav Rajpal\Sem 8 college\CV\Final Assignment\Data\IMG\center_2026_08_03_20_17_43_543.jpg,D:\Madhav Rajpal\Sem 8 college\CV\Final Assignment\Data\IMG\left_2026_08_03_20_17_43_543.jpg,D:\Madhav Rajpal\Sem 8 college\CV\Final Assignment\Data\IMG\right_2026_08_03_20_17_43_543.jpg,-0.04705882,1,0,30.19026
D:\Madhav Rajpal\Sem 8 college\CV\Final Assignment\Data\IMG\center_2026_08_03_20_17_43_616.jpg,D:\Madhav Rajpal\Sem 8 college\CV\Final Assignment\Data\IMG\left_2026_08_03_20_17_43_616.jpg,D:\Madhav Rajpal\Sem 8 college\CV\Final Assignment\Data\IMG\right_2026_08_03_20_17_43_616.jpg,-0.04705882,1,0,30.19026
D:\Madhav Rajpal\Sem 8 college\CV\Final Assignment\Data\IMG\center_2026_08_03_20_17_43_689.jpg,D:\Madhav Rajpal\Sem 8 college\CV\Final Assignment\Data\IMG\left_2026_08_03_20_17_43_689.jpg,D:\Madhav Rajpal\Sem 8 college\CV\Final Assignment\Data\IMG\right_2026_08_03_20_17_43_689.jpg,-0.04705882,1,0,30.19028
D:\Madhav Rajpal\Sem 8 college\CV\Final Assignment\Data\IMG\center_2026_08_03_20_17_43_766.jpg,D:\Madhav Rajpal\Sem 8 college\CV\Final Assignment\Data\IMG\left_2026_08_03_20_17_43_766.jpg,D:\Madhav Rajpal\Sem 8 college\CV\Final Assignment\Data\IMG\right_2026_08_03_20_17_43_766.jpg,-0.04705882,1,0,30.19025
D:\Madhav Rajpal\Sem 8 college\CV\Final Assignment\Data\IMG\center_2026_08_03_20_17_43_840.jpg,D:\Madhav Rajpal\Sem 8 college\CV\Final Assignment\Data\IMG\left_2026_08_03_20_17_43_840.jpg,D:\Madhav Rajpal\Sem 8 college\CV\Final Assignment\Data\IMG\right_2026_08_03_20_17_43_840.jpg,-0.04705882,1,0,30.19028
D:\Madhav Rajpal\Sem 8 college\CV\Final Assignment\Data\IMG\center_2026_08_03_20_17_43_913.jpg,D:\Madhav Rajpal\Sem 8 college\CV\Final Assignment\Data\IMG\left_2026_08_03_20_17_43_913.jpg,D:\Madhav Rajpal\Sem 8 college\CV\Final Assignment\Data\IMG\right_2026_08_03_20_17_43_913.jpg,-0.04705882,1,0,30.19022
D:\Madhav Rajpal\Sem 8 college\CV\Final Assignment\Data\IMG\center_2026_08_03_20_17_43_984.jpg,D:\Madhav Rajpal\Sem 8 college\CV\Final Assignment\Data\IMG\left_2026_08_03_20_17_43_984.jpg,D:\Madhav Rajpal\Sem 8 college\CV\Final Assignment\Data\IMG\right_2026_08_03_20_17_43_984.jpg,-0.04705882,1,0,30.19025
D:\Madhav Rajpal\Sem 8 college\CV\Final Assignment\Data\IMG\center_2026_08_03_20_17_44_062.jpg,D:\Madhav Rajpal\Sem 8 college\CV\Final Assignment\Data\IMG\left_2026_08_03_20_17_44_062.jpg,D:\Madhav Rajpal\Sem 8 college\CV\Final Assignment\Data\IMG\right_2026_08_03_20_17_44_062.jpg,-0.04705882,1,0,30.19026
D:\Madhav Rajpal\Sem 8 college\CV\Final Assignment\Data\IMG\center_2026_08_03_20_17_44_134.jpg,D:\Madhav Rajpal\Sem 8 college\CV\Final Assignment\Data\IMG\left_2026_08_03_20_17_44_134.jpg,D:\Madhav Rajpal\Sem 8 college\CV\Final Assignment\Data\IMG\right_2026_08_03_20_17_44_134.jpg,-0.04705882,1,0,30.19028
D:\Madhav Rajpal\Sem 8 college\CV\Final Assignment\Data\IMG\center_2026_08_03_20_17_44_202.jpg,D:\Madhav Rajpal\Sem 8 college\CV\Final Assignment\Data\IMG\left_2026_08_03_20_17_44_202.jpg,D:\Madhav Rajpal\Sem 8 college\CV\Final Assignment\Data\IMG\right_2026_08_03_20_17_44_202.jpg,-0.04705882,1,0,30.19023
D:\Madhav Rajpal\Sem 8 college\CV\Final Assignment\Data\IMG\center_2026_08_03_20_17_44_269.jpg,D:\Madhav Rajpal\Sem 8 college\CV\Final Assignment\Data\IMG\left_2026_08_03_20_17_44_269.jpg,D:\Madhav Rajpal\Sem 8 college\CV\Final Assignment\Data\IMG\right_2026_08_03_20_17_44_269.jpg,-0.04705882,1,0,30.19025
D:\Madhav Rajpal\Sem 8 college\CV\Final Assignment\Data\IMG\center_2026_08_03_20_17_44_348.jpg,D:\Madhav Rajpal\Sem 8 college\CV\Final Assignment\Data\IMG\left_2026_08_03_20_17_44_348.jpg,D:\Madhav Rajpal\Sem 8 college\CV\Final Assignment\Data\IMG\right_2026_08_03_20_17_44_348.jpg,-0.03529412,1,0,30.1904
D:\Madhav Rajpal\Sem 8 college\CV\Final Assignment\Data\IMG\center_2026_08_03_20_17_44_415.jpg,D:\Madhav Rajpal\Sem 8 college\CV\Final Assignment\Data\IMG\left_2026_08_03_20_17_44_415.jpg,D:\Madhav Rajpal\Sem 8 college\CV\Final Assignment\Data\IMG\right_2026_08_03_20_17_44_415.jpg,-0.02941176,1,0,30.19019
D:\Madhav Rajpal\Sem 8 college\CV\Final Assignment\Data\IMG\center_2026_08_03_20_17_44_493.jpg,D:\Madhav Rajpal\Sem 8 college\CV\Final Assignment\Data\IMG\left_2026_08_03_20_17_44_493.jpg,D:\Madhav Rajpal\Sem 8 college\CV\Final Assignment\Data\IMG\right_2026_08_03_20_17_44_493.jpg,-0.02941176,1,0,30.18999
D:\Madhav Rajpal\Sem 8 college\CV\Final Assignment\Data\IMG\center_2026_08_03_20_17_44_563.jpg,D:\Madhav Rajpal\Sem 8 college\CV\Final Assignment\Data\IMG\left_2026_08_03_20_17_44_563.jpg,D:\Madhav Rajpal\Sem 8 college\CV\Final Assignment\Data\IMG\right_2026_08_03_20_17_44_563.jpg,-0.02941176,1,0,30.18998
D:\Madhav Rajpal\Sem 8 college\CV\Final Assignment\Data\IMG\center_2026_08_03_20_17_44_632.jpg,D:\Madhav Rajpal\Sem 8 college\CV\Final Assignment\Data\IMG\left_2026_08_03_20_17_44_632.jpg,D:\Madhav Rajpal\Sem 8 college\CV\Final Assignment\Data\IMG\right_2026_08_03_20_17_44_632.jpg,-0.02941176,1,0,30.18939
D:\Madhav Rajpal\Sem 8 college\CV\Final Assignment\Data\IMG\center_2026_08_03_20_17_44_708.jpg,D:\Madhav Rajpal\Sem 8 college\CV\Final Assignment\Data\IMG\left_2026_08_03_20_17_44_708.jpg,D:\Madhav Rajpal\Sem 8 college\CV\Final Assignment\Data\IMG\right_2026_08_03_20_17_44_708.jpg,-0.02941176,1,0,30.19
D:\Madhav Rajpal\Sem 8 college\CV\Final Assignment\Data\IMG\center_2026_08_03_20_17_44_783.jpg,D:\Madhav Rajpal\Sem 8 college\CV\Final Assignment\Data\IMG\left_2026_08_03_20_17_44_783.jpg,D:\Madhav Rajpal\Sem 8 college\CV\Final Assignment\Data\IMG\right_2026_08_03_20_17_44_783.jpg,-0.01176471,1,0,30.19007
D:\Madhav Rajpal\Sem 8 college\CV\Final Assignment\Data\IMG\center_2026_08_03_20_17_44_857.jpg,D:\Madhav Rajpal\Sem 8 college\CV\Final Assignment\Data\IMG\left_2026_08_03_20_17_44_857.jpg,D:\Madhav Rajpal\Sem 8 college\CV\Final Assignment\Data\IMG\right_2026_08_03_20_17_44_857.jpg,0.01764706,1,0,30.1903
D:\Madhav Rajpal\Sem 8 college\CV\Final Assignment\Data\IMG\center_2026_08_03_20_17_44_926.jpg,D:\Madhav Rajpal\Sem 8 college\CV\Final Assignment\Data\IMG\left_2026_08_03_20_17_44_926.jpg,D:\Madhav Rajpal\Sem 8 college\CV\Final Assignment\Data\IMG\right_2026_08_03_20_17_44_926.jpg,0.01764706,1,0,30.19017
D:\Madhav Rajpal\Sem 8 college\CV\Final Assignment\Data\IMG\center_2026_08_03_20_17_44_996.jpg,D:\Madhav Rajpal\Sem 8 college\CV\Final Assignment\Data\IMG\left_2026_08_03_20_17_44_996.jpg,D:\Madhav Rajpal\Sem 8 college\CV\Final Assignment\Data\IMG\right_2026_08_03_20_17_44_996.jpg,0.01764706,1,0,30.1901
D:\Madhav Rajpal\Sem 8 college\CV\Final Assignment\Data\IMG\center_2026_08_03_20_17_45_065.jpg,D:\Madhav Rajpal\Sem 8 college\CV\Final Assignment\Data\IMG\left_2026_08_03_20_17_45_065.jpg,D:\Madhav Rajpal\Sem 8 college\CV\Final Assignment\Data\IMG\right_2026_08_03_20_17_45_065.jpg,0.01764706,1,0,30.19012
D:\Madhav Rajpal\Sem 8 college\CV\Final Assignment\Data\IMG\center_2026_08_03_20_17_45_140.jpg,D:\Madhav Rajpal\Sem 8 college\CV\Final Assignment\Data\IMG\left_2026_08_03_20_17_45_140.jpg,D:\Madhav Rajpal\Sem 8 college\CV\Final Assignment\Data\IMG\right_2026_08_03_20_17_45_140.jpg,0.01764706,1,0,30.19017
D:\Madhav Rajpal\Sem 8 college\CV\Final Assignment\Data\IMG\center_2026_08_03_20_17_45_214.jpg,D:\Madhav Rajpal\Sem 8 college\CV\Final Assignment\Data\IMG\left_2026_08_03_20_17_45_214.jpg,D:\Madhav Rajpal\Sem 8 college\CV\Final Assignment\Data\IMG\right_2026_08_03_20_17_45_214.jpg,0.01764706,1,0,30.19011
D:\Madhav Rajpal\Sem 8 college\CV\Final Assignment\Data\IMG\center_2026_08_03_20_17_45_283.jpg,D:\Madhav Rajpal\Sem 8 college\CV\Final Assignment\Data\IMG\left_2026_08_03_20_17_45_283.jpg,D:\Madhav Rajpal\Sem 8 college\CV\Final Assignment\Data\IMG\right_2026_08_03_20_17_45_283.jpg,0.005882353,1,0,30.19017
D:\Madhav Rajpal\Sem 8 college\CV\Final Assignment\Data\IMG\center_2026_08_03_20_17_45_354.jpg,D:\Madhav Rajpal\Sem 8 college\CV\Final Assignment\Data\IMG\left_2026_08_03_20_17_45_354.jpg,D:\Madhav Rajpal\Sem 8 college\CV\Final Assignment\Data\IMG\right_2026_08_03_20_17_45_354.jpg,-0.01176471,1,0,30.19005
D:\Madhav Rajpal\Sem 8 college\CV\Final Assignment\Data\IMG\center_2026_08_03_20_17_45_428.jpg,D:\Madhav Rajpal\Sem 8 college\CV\Final Assignment\Data\IMG\left_2026_08_03_20_17_45_428.jpg,D:\Madhav Rajpal\Sem 8 college\CV\Final Assignment\Data\IMG\right_2026_08_03_20_17_45_428.jpg,-0.02941176,1,0,30.18986
D:\Madhav Rajpal\Sem 8 college\CV\Final Assignment\Data\IMG\center_2026_08_03_20_17_45_497.jpg,D:\Madhav Rajpal\Sem 8 college\CV\Final Assignment\Data\IMG\left_2026_08_03_20_17_45_497.jpg,D:\Madhav Rajpal\Sem 8 college\CV\Final Assignment\Data\IMG\right_2026_08_03_20_17_45_497.jpg,-0.05294118,1,0,30.18957
D:\Madhav Rajpal\Sem 8 college\CV\Final Assignment\Data\IMG\center_2026_08_03_20_17_45_567.jpg,D:\Madhav Rajpal\Sem 8 college\CV\Final Assignment\Data\IMG\left_2026_08_03_20_17_45_567.jpg,D:\Madhav Rajpal\Sem 8 college\CV\Final Assignment\Data\IMG\right_2026_08_03_20_17_45_567.jpg,-0.06470589,1,0,30.18946
D:\Madhav Rajpal\Sem 8 college\CV\Final Assignment\Data\IMG\center_2026_08_03_20_17_45_638.jpg,D:\Madhav Rajpal\Sem 8 college\CV\Final Assignment\Data\IMG\left_2026_08_03_20_17_45_638.jpg,D:\Madhav Rajpal\Sem 8 college\CV\Final Assignment\Data\IMG\right_2026_08_03_20_17_45_638.jpg,-0.06470589,1,0,30.19015
D:\Madhav Rajpal\Sem 8 college\CV\Final Assignment\Data\IMG\center_2026_08_03_20_17_45_710.jpg,D:\Madhav Rajpal\Sem 8 college\CV\Final Assignment\Data\IMG\left_2026_08_03_20_17_45_710.jpg,D:\Madhav Rajpal\Sem 8 college\CV\Final Assignment\Data\IMG\right_2026_08_03_20_17_45_710.jpg,-0.06470589,1,0,30.19012
D:\Madhav Rajpal\Sem 8 college\CV\Final Assignment\Data\IMG\center_2026_08_03_20_17_45_782.jpg,D:\Madhav Rajpal\Sem 8 college\CV\Final Assignment\Data\IMG\left_2026_08_03_20_17_45_782.jpg,D:\Madhav Rajpal\Sem 8 college\CV\Final Assignment\Data\IMG\right_2026_08_03_20_17_45_782.jpg,-0.06470589,1,0,30.19007
D:\Madhav Rajpal\Sem 8 college\CV\Final Assignment\Data\IMG\center_2026_08_03_20_17_45_850.jpg,D:\Madhav Rajpal\Sem 8 college\CV\Final Assignment\Data\IMG\left_2026_08_03_20_17_45_850.jpg,D:\Madhav Rajpal\Sem 8 college\CV\Final Assignment\Data\IMG\right_2026_08_03_20_17_45_850.jpg,-0.06470589,1,0,30.18884
D:\Madhav Rajpal\Sem 8 college\CV\Final Assignment\Data\IMG\center_2026_08_03_20_17_45_924.jpg,D:\Madhav Rajpal\Sem 8 college\CV\Final Assignment\Data\IMG\left_2026_08_03_20_17_45_924.jpg,D:\Madhav Rajpal\Sem 8 college\CV\Final Assignment\Data\IMG\right_2026_08_03_20_17_45_924.jpg,-0.06470589,1,0,30.19029
D:\Madhav Rajpal\Sem 8 college\CV\Final Assignment\Data\IMG\center_2026_08_03_20_17_45_994.jpg,D:\Madhav Rajpal\Sem 8 college\CV\Final Assignment\Data\IMG\left_2026_08_03_20_17_45_994.jpg,D:\Madhav Rajpal\Sem 8 college\CV\Final Assignment\Data\IMG\right_2026_08_03_20_17_45_994.jpg,-0.06470589,1,0,30.19011
D:\Madhav Rajpal\Sem 8 college\CV\Final Assignment\Data\IMG\center_2026_08_03_20_17_46_068.jpg,D:\Madhav Rajpal\Sem 8 college\CV\Final Assignment\Data\IMG\left_2026_08_03_20_17_46_068.jpg,D:\Madhav Rajpal\Sem 8 college\CV\Final Assignment\Data\IMG\right_2026_08_03_20_17_46_068.jpg,-0.06470589,1,0,30.19009
D:\Madhav Rajpal\Sem 8 college\CV\Final Assignment\Data\IMG\center_2026_08_03_20_17_46_138.jpg,D:\Madhav Rajpal\Sem 8 college\CV\Final Assignment\Data\IMG\left_2026_08_03_20_17_46_138.jpg,D:\Madhav Rajpal\Sem 8 college\CV\Final Assignment\Data\IMG\right_2026_08_03_20_17_46_138.jpg,-0.06470589,1,0,30.19007
D:\Madhav Rajpal\Sem 8 college\CV\Final Assignment\Data\IMG\center_2026_08_03_20_17_46_206.jpg,D:\Madhav Rajpal\Sem 8 college\CV\Final Assignment\Data\IMG\left_2026_08_03_20_17_46_206.jpg,D:\Madhav Rajpal\Sem 8 college\CV\Final Assignment\Data\IMG\right_2026_08_03_20_17_46_206.jpg,-0.06470589,1,0,30.19005
D:\Madhav Rajpal\Sem 8 college\CV\Final Assignment\Data\IMG\center_2026_08_03_20_17_46_277.jpg,D:\Madhav Rajpal\Sem 8 college\CV\Final Assignment\Data\IMG\left_2026_08_03_20_17_46_277.jpg,D:\Madhav Rajpal\Sem 8 college\CV\Final Assignment\Data\IMG\right_2026_08_03_20_17_46_277.jpg,-0.06470589,1,0,30.19002
D:\Madhav Rajpal\Sem 8 college\CV\Final Assignment\Data\IMG\center_2026_08_03_20_17_46_345.jpg,D:\Madhav Rajpal\Sem 8 college\CV\Final Assignment\Data\IMG\left_2026_08_03_20_17_46_345.jpg,D:\Madhav Rajpal\Sem 8 college\CV\Final Assignment\Data\IMG\right_2026_08_03_20_17_46_345.jpg,-0.06470589,1,0,30.18995
D:\Madhav Rajpal\Sem 8 college\CV\Final Assignment\Data\IMG\center_2026_08_03_20_17_46_413.jpg,D:\Madhav Rajpal\Sem 8 college\CV\Final Assignment\Data\IMG\left_2026_08_03_20_17_46_413.jpg,D:\Madhav Rajpal\Sem 8 college\CV\Final Assignment\Data\IMG\right_2026_08_03_20_17_46_413.jpg,-0.06470589,1,0,30.18991
D:\Madhav Rajpal\Sem 8 college\CV\Final Assignment\Data\IMG\center_2026_08_03_20_17_46_482.jpg,D:\Madhav Rajpal\Sem 8 college\CV\Final Assignment\Data\IMG\left_2026_08_03_20_17_46_482.jpg,D:\Madhav Rajpal\Sem 8 college\CV\Final Assignment\Data\IMG\right_2026_08_03_20_17_46_482.jpg,-0.06470589,1,0,30.18994
D:\Madhav Rajpal\Sem 8 college\CV\Final Assignment\Data\IMG\center_2026_08_03_20_17_46_556.jpg,D:\Madhav Rajpal\Sem 8 college\CV\Final Assignment\Data\IMG\left_2026_08_03_20_17_46_556.jpg,D:\Madhav Rajpal\Sem 8 college\CV\Final Assignment\Data\IMG\right_2026_08_03_20_17_46_556.jpg,-0.06470589,1,0,30.18986
D:\Madhav Rajpal\Sem 8 college\CV\Final Assignment\Data\IMG\center_2026_08_03_20_17_46_625.jpg,D:\Madhav Rajpal\Sem 8 college\CV\Final Assignment\Data\IMG\left_2026_08_03_20_17_46_625.jpg,D:\Madhav Rajpal\Sem 8 college\CV\Final Assignment\Data\IMG\right_2026_08_03_20_17_46_625.jpg,-0.01176471,1,0,30.191
D:\Madhav Rajpal\Sem 8 college\CV\Final Assignment\Data\IMG\center_2026_08_03_20_17_46_693.jpg,D:\Madhav Rajpal\Sem 8 college\CV\Final Assignment\Data\IMG\left_2026_08_03_20_17_46_693.jpg,D:\Madhav Rajpal\Sem 8 college\CV\Final Assignment\Data\IMG\right_2026_08_03_20_17_46_693.jpg,0.005882353,1,0,30.19017
D:\Madhav Rajpal\Sem 8 college\CV\Final Assignment\Data\IMG\center_2026_08_03_20_17_46_765.jpg,D:\Madhav Rajpal\Sem 8 college\CV\Final Assignment\Data\IMG\left_2026_08_03_20_17_46_765.jpg,D:\Madhav Rajpal\Sem 8 college\CV\Final Assignment\Data\IMG\right_2026_08_03_20_17_46_765.jpg,0.005882353,1,0,30.19016
D:\Madhav Rajpal\Sem 8 college\CV\Final Assignment\Data\IMG\center_2026_08_03_20_17_46_838.jpg,D:\Madhav Rajpal\Sem 8 college\CV\Final Assignment\Data\IMG\left_2026_08_03_20_17_46_838.jpg,D:\Madhav Rajpal\Sem 8 college\CV\Final Assignment\Data\IMG\right_2026_08_03_20_17_46_838.jpg,0.005882353,1,0,30.19083
D:\Madhav Rajpal\Sem 8 college\CV\Final Assignment\Data\IMG\center_2026_08_03_20_17_46_909.jpg,D:\Madhav Rajpal\Sem 8 college\CV\Final Assignment\Data\IMG\left_2026_08_03_20_17_46_909.jpg,D:\Madhav Rajpal\Sem 8 college\CV\Final Assignment\Data\IMG\right_2026_08_03_20_17_46_909.jpg,0.005882353,1,0,30.19043
D:\Madhav Rajpal\Sem 8 college\CV\Final Assignment\Data\IMG\center_2026_08_03_20_17_46_981.jpg,D:\Madhav Rajpal\Sem 8 college\CV\Final Assignment\Data\IMG\left_2026_08_03_20_17_46_981.jpg,D:\Madhav Rajpal\Sem 8 college\CV\Final Assignment\Data\IMG\right_2026_08_03_20_17_46_981.jpg,0.005882353,1,0,30.19033
D:\Madhav Rajpal\Sem 8 college\CV\Final Assignment\Data\IMG\center_2026_08_03_20_17_47_052.jpg,D:\Madhav Rajpal\Sem 8 college\CV\Final Assignment\Data\IMG\left_2026_08_03_20_17_47_052.jpg,D:\Madhav Rajpal\Sem 8 college\CV\Final Assignment\Data\IMG\right_2026_08_03_20_17_47_052.jpg,0.005882353,1,0,30.19031
D:\Madhav Rajpal\Sem 8 college\CV\Final Assignment\Data\IMG\center_2026_08_03_20_17_47_125.jpg,D:\Madhav Rajpal\Sem 8 college\CV\Final Assignment\Data\IMG\left_2026_08_03_20_17_47_125.jpg,D:\Madhav Rajpal\Sem 8 college\CV\Final Assignment\Data\IMG\right_2026_08_03_20_17_47_125.jpg,0.005882353,1,0,30.19029
D:\Madhav Rajpal\Sem 8 college\CV\Final Assignment\Data\IMG\center_2026_08_03_20_17_47_198.jpg,D:\Madhav Rajpal\Sem 8 college\CV\Final Assignment\Data\IMG\left_2026_08_03_20_17_47_198.jpg,D:\Madhav Rajpal\Sem 8 college\CV\Final Assignment\Data\IMG\right_2026_08_03_20_17_47_198.jpg,0.005882353,1,0,30.19032
D:\Madhav Rajpal\Sem 8 college\CV\Final Assignment\Data\IMG\center_2026_08_03_20_17_47_265.jpg,D:\Madhav Rajpal\Sem 8 college\CV\Final Assignment\Data\IMG\left_2026_08_03_20_17_47_265.jpg,D:\Madhav Rajpal\Sem 8 college\CV\Final Assignment\Data\IMG\right_2026_08_03_20_17_47_265.jpg,0,1,0,30.19029
D:\Madhav Rajpal\Sem 8 college\CV\Final Assignment\Data\IMG\center_2026_08_03_20_17_47_335.jpg,D:\Madhav Rajpal\Sem 8 college\CV\Final Assignment\Data\IMG\left_2026_08_03_20_17_47_335.jpg,D:\Madhav Rajpal\Sem 8 college\CV\Final Assignment\Data\IMG\right_2026_08_03_20_17_47_335.jpg,-0.01764706,1,0,30.19015
D:\Madhav Rajpal\Sem 8 college\CV\Final Assignment\Data\IMG\center_2026_08_03_20_17_47_410.jpg,D:\Madhav Rajpal\Sem 8 college\CV\Final Assignment\Data\IMG\left_2026_08_03_20_17_47_410.jpg,D:\Madhav Rajpal\Sem 8 college\CV\Final Assignment\Data\IMG\right_2026_08_03_20_17_47_410.jpg,-0.04117647,1,0,30.1899
D:\Madhav Rajpal\Sem 8 college\CV\Final Assignment\Data\IMG\center_2026_08_03_20_17_47_481.jpg,D:\Madhav Rajpal\Sem 8 college\CV\Final Assignment\Data\IMG\left_2026_08_03_20_17_47_481.jpg,D:\Madhav Rajpal\Sem 8 college\CV\Final Assignment\Data\IMG\right_2026_08_03_20_17_47_481.jpg,-0.06470589,1,0,30.18814
D:\Madhav Rajpal\Sem 8 college\CV\Final Assignment\Data\IMG\center_2026_08_03_20_17_47_553.jpg,D:\Madhav Rajpal\Sem 8 college\CV\Final Assignment\Data\IMG\left_2026_08_03_20_17_47_553.jpg,D:\Madhav Rajpal\Sem 8 college\CV\Final Assignment\Data\IMG\right_2026_08_03_20_17_47_553.jpg,-0.07647059,1,0,30.18991
D:\Madhav Rajpal\Sem 8 college\CV\Final Assignment\Data\IMG\center_2026_08_03_20_17_47_621.jpg,D:\Madhav Rajpal\Sem 8 college\CV\Final Assignment\Data\IMG\left_2026_08_03_20_17_47_621.jpg,D:\Madhav Rajpal\Sem 8 college\CV\Final Assignment\Data\IMG\right_2026_08_03_20_17_47_621.jpg,-0.08235294,1,0,30.18983
D:\Madhav Rajpal\Sem 8 college\CV\Final Assignment\Data\IMG\center_2026_08_03_20_17_47_692.jpg,D:\Madhav Rajpal\Sem 8 college\CV\Final Assignment\Data\IMG\left_2026_08_03_20_17_47_692.jpg,D:\Madhav Rajpal\Sem 8 college\CV\Final Assignment\Data\IMG\right_2026_08_03_20_17_47_692.jpg,-0.09411765,1,0,30.18847
D:\Madhav Rajpal\Sem 8 college\CV\Final Assignment\Data\IMG\center_2026_08_03_20_17_47_760.jpg,D:\Madhav Rajpal\Sem 8 college\CV\Final Assignment\Data\IMG\left_2026_08_03_20_17_47_760.jpg,D:\Madhav Rajpal\Sem 8 college\CV\Final Assignment\Data\IMG\right_2026_08_03_20_17_47_760.jpg,-0.09411765,1,0,30.19034
D:\Madhav Rajpal\Sem 8 college\CV\Final Assignment\Data\IMG\center_2026_08_03_20_17_47_832.jpg,D:\Madhav Rajpal\Sem 8 college\CV\Final Assignment\Data\IMG\left_2026_08_03_20_17_47_832.jpg,D:\Madhav Rajpal\Sem 8 college\CV\Final Assignment\Data\IMG\right_2026_08_03_20_17_47_832.jpg,-0.09411765,1,0,30.19015
D:\Madhav Rajpal\Sem 8 college\CV\Final Assignment\Data\IMG\center_2026_08_03_20_17_47_906.jpg,D:\Madhav Rajpal\Sem 8 college\CV\Final Assignment\Data\IMG\left_2026_08_03_20_17_47_906.jpg,D:\Madhav Rajpal\Sem 8 college\CV\Final Assignment\Data\IMG\right_2026_08_03_20_17_47_906.jpg,-0.09411765,1,0,30.19011
D:\Madhav Rajpal\Sem 8 college\CV\Final Assignment\Data\IMG\center_2026_08_03_20_17_47_982.jpg,D:\Madhav Rajpal\Sem 8 college\CV\Final Assignment\Data\IMG\left_2026_08_03_20_17_47_982.jpg,D:\Madhav Rajpal\Sem 8 college\CV\Final Assignment\Data\IMG\right_2026_08_03_20_17_47_982.jpg,-0.09411765,1,0,30.19006
D:\Madhav Rajpal\Sem 8 college\CV\Final Assignment\Data\IMG\center_2026_08_03_20_17_48_059.jpg,D:\Madhav Rajpal\Sem 8 college\CV\Final Assignment\Data\IMG\left_2026_08_03_20_17_48_059.jpg,D:\Madhav Rajpal\Sem 8 college\CV\Final Assignment\Data\IMG\right_2026_08_03_20_17_48_059.jpg,-0.09411765,1,0,30.19004
D:\Madhav Rajpal\Sem 8 college\CV\Final Assignment\Data\IMG\center_2026_08_03_20_17_48_131.jpg,D:\Madhav Rajpal\Sem 8 college\CV\Final Assignment\Data\IMG\left_2026_08_03_20_17_48_131.jpg,D:\Madhav Rajpal\Sem 8 college\CV\Final Assignment\Data\IMG\right_2026_08_03_20_17_48_131.jpg,-0.1,1,0,30.18992
D:\Madhav Rajpal\Sem 8 college\CV\Final Assignment\Data\IMG\center_2026_08_03_20_17_48_202.jpg,D:\Madhav Rajpal\Sem 8 college\CV\Final Assignment\Data\IMG\left_2026_08_03_20_17_48_202.jpg,D:\Madhav Rajpal\Sem 8 college\CV\Final Assignment\Data\IMG\right_2026_08_03_20_17_48_202.jpg,-0.1,1,0,30.18985
D:\Madhav Rajpal\Sem 8 college\CV\Final Assignment\Data\IMG\center_2026_08_03_20_17_48_278.jpg,D:\Madhav Rajpal\Sem 8 college\CV\Final Assignment\Data\IMG\left_2026_08_03_20_17_48_278.jpg,D:\Madhav Rajpal\Sem 8 college\CV\Final Assignment\Data\IMG\right_2026_08_03_20_17_48_278.jpg,-0.1,1,0,30.1899
D:\Madhav Rajpal\Sem 8 college\CV\Final Assignment\Data\IMG\center_2026_08_03_20_17_48_346.jpg,D:\Madhav Rajpal\Sem 8 college\CV\Final Assignment\Data\IMG\left_2026_08_03_20_17_48_346.jpg,D:\Madhav Rajpal\Sem 8 college\CV\Final Assignment\Data\IMG\right_2026_08_03_20_17_48_346.jpg,-0.1,1,0,30.19082
D:\Madhav Rajpal\Sem 8 college\CV\Final Assignment\Data\IMG\center_2026_08_03_20_17_48_419.jpg,D:\Madhav Rajpal\Sem 8 college\CV\Final Assignment\Data\IMG\left_2026_08_03_20_17_48_419.jpg,D:\Madhav Rajpal\Sem 8 college\CV\Final Assignment\Data\IMG\right_2026_08_03_20_17_48_419.jpg,-0.1,1,0,30.19024
D:\Madhav Rajpal\Sem 8 college\CV\Final Assignment\Data\IMG\center_2026_08_03_20_17_48_490.jpg,D:\Madhav Rajpal\Sem 8 college\CV\Final Assignment\Data\IMG\left_2026_08_03_20_17_48_490.jpg,D:\Madhav Rajpal\Sem 8 college\CV\Final Assignment\Data\IMG\right_2026_08_03_20_17_48_490.jpg,-0.1,1,0,30.19009
D:\Madhav Rajpal\Sem 8 college\CV\Final Assignment\Data\IMG\center_2026_08_03_20_17_48_559.jpg,D:\Madhav Rajpal\Sem 8 college\CV\Final Assignment\Data\IMG\left_2026_08_03_20_17_48_559.jpg,D:\Madhav Rajpal\Sem 8 college\CV\Final Assignment\Data\IMG\right_2026_08_03_20_17_48_559.jpg,-0.1,1,0,30.19092
D:\Madhav Rajpal\Sem 8 college\CV\Final Assignment\Data\IMG\center_2026_08_03_20_17_48_625.jpg,D:\Madhav Rajpal\Sem 8 college\CV\Final Assignment\Data\IMG\left_2026_08_03_20_17_48_625.jpg,D:\Madhav Rajpal\Sem 8 college\CV\Final Assignment\Data\IMG\right_2026_08_03_20_17_48_625.jpg,-0.1,1,0,30.19036
D:\Madhav Rajpal\Sem 8 college\CV\Final Assignment\Data\IMG\center_2026_08_03_20_17_48_697.jpg,D:\Madhav Rajpal\Sem 8 college\CV\Final Assignment\Data\IMG\left_2026_08_03_20_17_48_697.jpg,D:\Madhav Rajpal\Sem 8 college\CV\Final Assignment\Data\IMG\right_2026_08_03_20_17_48_697.jpg,-0.1,1,0,30.19014
D:\Madhav Rajpal\Sem 8 college\CV\Final Assignment\Data\IMG\center_2026_08_03_20_17_48_768.jpg,D:\Madhav Rajpal\Sem 8 college\CV\Final Assignment\Data\IMG\left_2026_08_03_20_17_48_768.jpg,D:\Madhav Rajpal\Sem 8 college\CV\Final Assignment\Data\IMG\right_2026_08_03_20_17_48_768.jpg,-0.1,1,0,30.18999
D:\Madhav Rajpal\Sem 8 college\CV\Final Assignment\Data\IMG\center_2026_08_03_20_17_48_837.jpg,D:\Madhav Rajpal\Sem 8 college\CV\Final Assignment\Data\IMG\left_2026_08_03_20_17_48_837.jpg,D:\Madhav Rajpal\Sem 8 college\CV\Final Assignment\Data\IMG\right_2026_08_03_20_17_48_837.jpg,-0.1,1,0,30.18995
D:\Madhav Rajpal\Sem 8 college\CV\Final Assignment\Data\IMG\center_2026_08_03_20_17_48_903.jpg,D:\Madhav Rajpal\Sem 8 college\CV\Final Assignment\Data\IMG\left_2026_08_03_20_17_48_903.jpg,D:\Madhav Rajpal\Sem 8 college\CV\Final Assignment\Data\IMG\right_2026_08_03_20_17_48_903.jpg,-0.1,1,0,30.18987
D:\Madhav Rajpal\Sem 8 college\CV\Final Assignment\Data\IMG\center_2026_08_03_20_17_48_977.jpg,D:\Madhav Rajpal\Sem 8 college\CV\Final Assignment\Data\IMG\left_2026_08_03_20_17_48_977.jpg,D:\Madhav Rajpal\Sem 8 college\CV\Final Assignment\Data\IMG\right_2026_08_03_20_17_48_977.jpg,-0.1,1,0,30.18983
D:\Madhav Rajpal\Sem 8 college\CV\Final Assignment\Data\IMG\center_2026_08_03_20_17_49_048.jpg,D:\Madhav Rajpal\Sem 8 college\CV\Final Assignment\Data\IMG\left_2026_08_03_20_17_49_048.jpg,D:\Madhav Rajpal\Sem 8 college\CV\Final Assignment\Data\IMG\right_2026_08_03_20_17_49_048.jpg,-0.1,1,0,30.18976
D:\Madhav Rajpal\Sem 8 college\CV\Final Assignment\Data\IMG\center_2026_08_03_20_17_49_121.jpg,D:\Madhav Rajpal\Sem 8 college\CV\Final Assignment\Data\IMG\left_2026_08_03_20_17_49_121.jpg,D:\Madhav Rajpal\Sem 8 college\CV\Final Assignment\Data\IMG\right_2026_08_03_20_17_49_121.jpg,-0.1,1,0,30.19109
D:\Madhav Rajpal\Sem 8 college\CV\Final Assignment\Data\IMG\center_2026_08_03_20_17_49_195.jpg,D:\Madhav Rajpal\Sem 8 college\CV\Final Assignment\Data\IMG\left_2026_08_03_20_17_49_195.jpg,D:\Madhav Rajpal\Sem 8 college\CV\Final Assignment\Data\IMG\right_2026_08_03_20_17_49_195.jpg,-0.1,1,0,30.19013
D:\Madhav Rajpal\Sem 8 college\CV\Final Assignment\Data\IMG\center_2026_08_03_20_17_49_263.jpg,D:\Madhav Rajpal\Sem 8 college\CV\Final Assignment\Data\IMG\left_2026_08_03_20_17_49_263.jpg,D:\Madhav Rajpal\Sem 8 college\CV\Final Assignment\Data\IMG\right_2026_08_03_20_17_49_263.jpg,-0.1,1,0,30.18994
D:\Madhav Rajpal\Sem 8 college\CV\Final Assignment\Data\IMG\center_2026_08_03_20_17_49_333.jpg,D:\Madhav Rajpal\Sem 8 college\CV\Final Assignment\Data\IMG\left_2026_08_03_20_17_49_333.jpg,D:\Madhav Rajpal\Sem 8 college\CV\Final Assignment\Data\IMG\right_2026_08_03_20_17_49_333.jpg,-0.1,1,0,30.19106
D:\Madhav Rajpal\Sem 8 college\CV\Final Assignment\Data\IMG\center_2026_08_03_20_17_49_405.jpg,D:\Madhav Rajpal\Sem 8 college\CV\Final Assignment\Data\IMG\left_2026_08_03_20_17_49_405.jpg,D:\Madhav Rajpal\Sem 8 college\CV\Final Assignment\Data\IMG\right_2026_08_03_20_17_49_405.jpg,-0.1,1,0,30.19024
D:\Madhav Rajpal\Sem 8 college\CV\Final Assignment\Data\IMG\center_2026_08_03_20_17_49_484.jpg,D:\Madhav Rajpal\Sem 8 college\CV\Final Assignment\Data\IMG\left_2026_08_03_20_17_49_484.jpg,D:\Madhav Rajpal\Sem 8 college\CV\Final Assignment\Data\IMG\right_2026_08_03_20_17_49_484.jpg,-0.1,1,0,30.18999
D:\Madhav Rajpal\Sem 8 college\CV\Final Assignment\Data\IMG\center_2026_08_03_20_17_49_557.jpg,D:\Madhav Rajpal\Sem 8 college\CV\Final Assignment\Data\IMG\left_2026_08_03_20_17_49_557.jpg,D:\Madhav Rajpal\Sem 8 college\CV\Final Assignment\Data\IMG\right_2026_08_03_20_17_49_557.jpg,-0.1,1,0,30.18988
D:\Madhav Rajpal\Sem 8 college\CV\Final Assignment\Data\IMG\center_2026_08_03_20_17_49_632.jpg,D:\Madhav Rajpal\Sem 8 college\CV\Final Assignment\Data\IMG\left_2026_08_03_20_17_49_632.jpg,D:\Madhav Rajpal\Sem 8 college\CV\Final Assignment\Data\IMG\right_2026_08_03_20_17_49_632.jpg,-0.1,1,0,30.18979
D:\Madhav Rajpal\Sem 8 college\CV\Final Assignment\Data\IMG\center_2026_08_03_20_17_49_708.jpg,D:\Madhav Rajpal\Sem 8 college\CV\Final Assignment\Data\IMG\left_2026_08_03_20_17_49_708.jpg,D:\Madhav Rajpal\Sem 8 college\CV\Final Assignment\Data\IMG\right_2026_08_03_20_17_49_708.jpg,-0.1,1,0,30.1898
D:\Madhav Rajpal\Sem 8 college\CV\Final Assignment\Data\IMG\center_2026_08_03_20_17_49_781.jpg,D:\Madhav Rajpal\Sem 8 college\CV\Final Assignment\Data\IMG\left_2026_08_03_20_17_49_781.jpg,D:\Madhav Rajpal\Sem 8 college\CV\Final Assignment\Data\IMG\right_2026_08_03_20_17_49_781.jpg,-0.1,1,0,30.18969
D:\Madhav Rajpal\Sem 8 college\CV\Final Assignment\Data\IMG\center_2026_08_03_20_17_49_851.jpg,D:\Madhav Rajpal\Sem 8 college\CV\Final Assignment\Data\IMG\left_2026_08_03_20_17_49_851.jpg,D:\Madhav Rajpal\Sem 8 college\CV\Final Assignment\Data\IMG\right_2026_08_03_20_17_49_851.jpg,-0.1,1,0,30.19067
D:\Madhav Rajpal\Sem 8 college\CV\Final Assignment\Data\IMG\center_2026_08_03_20_17_49_919.jpg,D:\Madhav Rajpal\Sem 8 college\CV\Final Assignment\Data\IMG\left_2026_08_03_20_17_49_919.jpg,D:\Madhav Rajpal\Sem 8 college\CV\Final Assignment\Data\IMG\right_2026_08_03_20_17_49_919.jpg,-0.1,1,0,30.19007
D:\Madhav Rajpal\Sem 8 college\CV\Final Assignment\Data\IMG\center_2026_08_03_20_17_49_992.jpg,D:\Madhav Rajpal\Sem 8 college\CV\Final Assignment\Data\IMG\left_2026_08_03_20_17_49_992.jpg,D:\Madhav Rajpal\Sem 8 college\CV\Final Assignment\Data\IMG\right_2026_08_03_20_17_49_992.jpg,-0.08823529,1,0,30.1902
D:\Madhav Rajpal\Sem 8 college\CV\Final Assignment\Data\IMG\center_2026_08_03_20_17_50_061.jpg,D:\Madhav Rajpal\Sem 8 college\CV\Final Assignment\Data\IMG\left_2026_08_03_20_17_50_061.jpg,D:\Madhav Rajpal\Sem 8 college\CV\Final Assignment\Data\IMG\right_2026_08_03_20_17_50_061.jpg,-0.07647059,1,0,30.19102
D:\Madhav Rajpal\Sem 8 college\CV\Final Assignment\Data\IMG\center_2026_08_03_20_17_50_129.jpg,D:\Madhav Rajpal\Sem 8 college\CV\Final Assignment\Data\IMG\left_2026_08_03_20_17_50_129.jpg,D:\Madhav Rajpal\Sem 8 college\CV\Final Assignment\Data\IMG\right_2026_08_03_20_17_50_129.jpg,-0.06470589,1,0,30.19075
D:\Madhav Rajpal\Sem 8 college\CV\Final Assignment\Data\IMG\center_2026_08_03_20_17_50_201.jpg,D:\Madhav Rajpal\Sem 8 college\CV\Final Assignment\Data\IMG\left_2026_08_03_20_17_50_201.jpg,D:\Madhav Rajpal\Sem 8 college\CV\Final Assignment\Data\IMG\right_2026_08_03_20_17_50_201.jpg,-0.05882353,1,0,30.19036
D:\Madhav Rajpal\Sem 8 college\CV\Final Assignment\Data\IMG\center_2026_08_03_20_17_50_267.jpg,D:\Madhav Rajpal\Sem 8 college\CV\Final Assignment\Data\IMG\left_2026_08_03_20_17_50_267.jpg,D:\Madhav Rajpal\Sem 8 college\CV\Final Assignment\Data\IMG\right_2026_08_03_20_17_50_267.jpg,-0.05882353,1,0,30.1902
D:\Madhav Rajpal\Sem 8 college\CV\Final Assignment\Data\IMG\center_2026_08_03_20_17_50_339.jpg,D:\Madhav Rajpal\Sem 8 college\CV\Final Assignment\Data\IMG\left_2026_08_03_20_17_50_339.jpg,D:\Madhav Rajpal\Sem 8 college\CV\Final Assignment\Data\IMG\right_2026_08_03_20_17_50_339.jpg,-0.05882353,1,0,30.19009
D:\Madhav Rajpal\Sem 8 college\CV\Final Assignment\Data\IMG\center_2026_08_03_20_17_50_408.jpg,D:\Madhav Rajpal\Sem 8 college\CV\Final Assignment\Data\IMG\left_2026_08_03_20_17_50_408.jpg,D:\Madhav Rajpal\Sem 8 college\CV\Final Assignment\Data\IMG\right_2026_08_03_20_17_50_408.jpg,-0.05882353,1,0,30.19006
D:\Madhav Rajpal\Sem 8 college\CV\Final Assignment\Data\IMG\center_2026_08_03_20_17_50_481.jpg,D:\Madhav Rajpal\Sem 8 college\CV\Final Assignment\Data\IMG\left_2026_08_03_20_17_50_481.jpg,D:\Madhav Rajpal\Sem 8 college\CV\Final Assignment\Data\IMG\right_2026_08_03_20_17_50_481.jpg,-0.05882353,1,0,30.18995
D:\Madhav Rajpal\Sem 8 college\CV\Final Assignment\Data\IMG\center_2026_08_03_20_17_50_553.jpg,D:\Madhav Rajpal\Sem 8 college\CV\Final Assignment\Data\IMG\left_2026_08_03_20_17_50_553.jpg,D:\Madhav Rajpal\Sem 8 college\CV\Final Assignment\Data\IMG\right_2026_08_03_20_17_50_553.jpg,-0.05882353,1,0,30.19032
D:\Madhav Rajpal\Sem 8 college\CV\Final Assignment\Data\IMG\center_2026_08_03_20_17_50_626.jpg,D:\Madhav Rajpal\Sem 8 college\CV\Final Assignment\Data\IMG\left_2026_08_03_20_17_50_626.jpg,D:\Madhav Rajpal\Sem 8 college\CV\Final Assignment\Data\IMG\right_2026_08_03_20_17_50_626.jpg,-0.05882353,1,0,30.19042
D:\Madhav Rajpal\Sem 8 college\CV\Final Assignment\Data\IMG\center_2026_08_03_20_17_50_701.jpg,D:\Madhav Rajpal\Sem 8 college\CV\Final Assignment\Data\IMG\left_2026_08_03_20_17_50_701.jpg,D:\Madhav Rajpal\Sem 8 college\CV\Final Assignment\Data\IMG\right_2026_08_03_20_17_50_701.jpg,-0.05882353,1,0,30.19019
D:\Madhav Rajpal\Sem 8 college\CV\Final Assignment\Data\IMG\center_2026_08_03_20_17_50_772.jpg,D:\Madhav Rajpal\Sem 8 college\CV\Final Assignment\Data\IMG\left_2026_08_03_20_17_50_772.jpg,D:\Madhav Rajpal\Sem 8 college\CV\Final Assignment\Data\IMG\right_2026_08_03_20_17_50_772.jpg,-0.05882353,1,0,30.19088
D:\Madhav Rajpal\Sem 8 college\CV\Final Assignment\Data\IMG\center_2026_08_03_20_17_50_846.jpg,D:\Madhav Rajpal\Sem 8 college\CV\Final Assignment\Data\IMG\left_2026_08_03_20_17_50_846.jpg,D:\Madhav Rajpal\Sem 8 college\CV\Final Assignment\Data\IMG\right_2026_08_03_20_17_50_846.jpg,-0.05882353,1,0,30.19041
D:\Madhav Rajpal\Sem 8 college\CV\Final Assignment\Data\IMG\center_2026_08_03_20_17_50_919.jpg,D:\Madhav Rajpal\Sem 8 college\CV\Final Assignment\Data\IMG\left_2026_08_03_20_17_50_919.jpg,D:\Madhav Rajpal\Sem 8 college\CV\Final Assignment\Data\IMG\right_2026_08_03_20_17_50_919.jpg,-0.05882353,1,0,30.19031
D:\Madhav Rajpal\Sem 8 college\CV\Final Assignment\Data\IMG\center_2026_08_03_20_17_50_991.jpg,D:\Madhav Rajpal\Sem 8 college\CV\Final Assignment\Data\IMG\left_2026_08_03_20_17_50_991.jpg,D:\Madhav Rajpal\Sem 8 college\CV\Final Assignment\Data\IMG\right_2026_08_03_20_17_50_991.jpg,-0.05882353,1,0,30.19029
D:\Madhav Rajpal\Sem 8 college\CV\Final Assignment\Data\IMG\center_2026_08_03_20_17_51_064.jpg,D:\Madhav Rajpal\Sem 8 college\CV\Final Assignment\Data\IMG\left_2026_08_03_20_17_51_064.jpg,D:\Madhav Rajpal\Sem 8 college\CV\Final Assignment\Data\IMG\right_2026_08_03_20_17_51_064.jpg,-0.05882353,1,0,30.19018
D:\Madhav Rajpal\Sem 8 college\CV\Final Assignment\Data\IMG\center_2026_08_03_20_17_51_139.jpg,D:\Madhav Rajpal\Sem 8 college\CV\Final Assignment\Data\IMG\left_2026_08_03_20_17_51_139.jpg,D:\Madhav Rajpal\Sem 8 college\CV\Final Assignment\Data\IMG\right_2026_08_03_20_17_51_139.jpg,-0.05882353,1,0,30.19022
D:\Madhav Rajpal\Sem 8 college\CV\Final Assignment\Data\IMG\center_2026_08_03_20_17_51_208.jpg,D:\Madhav Rajpal\Sem 8 college\CV\Final Assignment\Data\IMG\left_2026_08_03_20_17_51_208.jpg,D:\Madhav Rajpal\Sem 8 college\CV\Final Assignment\Data\IMG\right_2026_08_03_20_17_51_208.jpg,-0.05882353,1,0,30.19135
D:\Madhav Rajpal\Sem 8 college\CV\Final Assignment\Data\IMG\center_2026_08_03_20_17_51_274.jpg,D:\Madhav Rajpal\Sem 8 college\CV\Final Assignment\Data\IMG\left_2026_08_03_20_17_51_274.jpg,D:\Madhav Rajpal\Sem 8 college\CV\Final Assignment\Data\IMG\right_2026_08_03_20_17_51_274.jpg,-0.05882353,1,0,30.19059
D:\Madhav Rajpal\Sem 8 college\CV\Final Assignment\Data\IMG\center_2026_08_03_20_17_51_344.jpg,D:\Madhav Rajpal\Sem 8 college\CV\Final Assignment\Data\IMG\left_2026_08_03_20_17_51_344.jpg,D:\Madhav Rajpal\Sem 8 college\CV\Final Assignment\Data\IMG\right_2026_08_03_20_17_51_344.jpg,-0.05882353,1,0,30.19042
D:\Madhav Rajpal\Sem 8 college\CV\Final Assignment\Data\IMG\center_2026_08_03_20_17_51_412.jpg,D:\Madhav Rajpal\Sem 8 college\CV\Final Assignment\Data\IMG\left_2026_08_03_20_17_51_412.jpg,D:\Madhav Rajpal\Sem 8 college\CV\Final Assignment\Data\IMG\right_2026_08_03_20_17_51_412.jpg,-0.07058824,1,0,30.19122
D:\Madhav Rajpal\Sem 8 college\CV\Final Assignment\Data\IMG\center_2026_08_03_20_17_51_481.jpg,D:\Madhav Rajpal\Sem 8 college\CV\Final Assignment\Data\IMG\left_2026_08_03_20_17_51_481.jpg,D:\Madhav Rajpal\Sem 8 college\CV\Final Assignment\Data\IMG\right_2026_08_03_20_17_51_481.jpg,-0.07647059,1,0,30.19048
D:\Madhav Rajpal\Sem 8 college\CV\Final Assignment\Data\IMG\center_2026_08_03_20_17_51_553.jpg,D:\Madhav Rajpal\Sem 8 college\CV\Final Assignment\Data\IMG\left_2026_08_03_20_17_51_553.jpg,D:\Madhav Rajpal\Sem 8 college\CV\Final Assignment\Data\IMG\right_2026_08_03_20_17_51_553.jpg,-0.09411765,1,0,30.18986
D:\Madhav Rajpal\Sem 8 college\CV\Final Assignment\Data\IMG\center_2026_08_03_20_17_51_619.jpg,D:\Madhav Rajpal\Sem 8 college\CV\Final Assignment\Data\IMG\left_2026_08_03_20_17_51_619.jpg,D:\Madhav Rajpal\Sem 8 college\CV\Final Assignment\Data\IMG\right_2026_08_03_20_17_51_619.jpg,-0.1,1,0,30.18977
D:\Madhav Rajpal\Sem 8 college\CV\Final Assignment\Data\IMG\center_2026_08_03_20_17_51_693.jpg,D:\Madhav Rajpal\Sem 8 college\CV\Final Assignment\Data\IMG\left_2026_08_03_20_17_51_693.jpg,D:\Madhav Rajpal\Sem 8 college\CV\Final Assignment\Data\IMG\right_2026_08_03_20_17_51_693.jpg,-0.1117647,1,0,30.18957
D:\Madhav Rajpal\Sem 8 college\CV\Final Assignment\Data\IMG\center_2026_08_03_20_17_51_764.jpg,D:\Madhav Rajpal\Sem 8 college\CV\Final Assignment\Data\IMG\left_2026_08_03_20_17_51_764.jpg,D:\Madhav Rajpal\Sem 8 college\CV\Final Assignment\Data\IMG\right_2026_08_03_20_17_51_764.jpg,-0.1176471,1,0,30.18961
D:\Madhav Rajpal\Sem 8 college\CV\Final Assignment\Data\IMG\center_2026_08_03_20_17_51_835.jpg,D:\Madhav Rajpal\Sem 8 college\CV\Final Assignment\Data\IMG\left_2026_08_03_20_17_51_835.jpg,D:\Madhav Rajpal\Sem 8 college\CV\Final Assignment\Data\IMG\right_2026_08_03_20_17_51_835.jpg,-0.1294118,1,0,30.19081
D:\Madhav Rajpal\Sem 8 college\CV\Final Assignment\Data\IMG\center_2026_08_03_20_17_51_902.jpg,D:\Madhav Rajpal\Sem 8 college\CV\Final Assignment\Data\IMG\left_2026_08_03_20_17_51_902.jpg,D:\Madhav Rajpal\Sem 8 college\CV\Final Assignment\Data\IMG\right_2026_08_03_20_17_51_902.jpg,-0.1352941,1,0,30.18897
D:\Madhav Rajpal\Sem 8 college\CV\Final Assignment\Data\IMG\center_2026_08_03_20_17_51_970.jpg,D:\Madhav Rajpal\Sem 8 college\CV\Final Assignment\Data\IMG\left_2026_08_03_20_17_51_970.jpg,D:\Madhav Rajpal\Sem 8 college\CV\Final Assignment\Data\IMG\right_2026_08_03_20_17_51_970.jpg,-0.1352941,1,0,30.1894
D:\Madhav Rajpal\Sem 8 college\CV\Final Assignment\Data\IMG\center_2026_08_03_20_17_52_037.jpg,D:\Madhav Rajpal\Sem 8 college\CV\Final Assignment\Data\IMG\left_2026_08_03_20_17_52_037.jpg,D:\Madhav Rajpal\Sem 8 college\CV\Final Assignment\Data\IMG\right_2026_08_03_20_17_52_037.jpg,-0.1352941,1,0,30.18831
D:\Madhav Rajpal\Sem 8 college\CV\Final Assignment\Data\IMG\center_2026_08_03_20_17_52_111.jpg,D:\Madhav Rajpal\Sem 8 college\CV\Final Assignment\Data\IMG\left_2026_08_03_20_17_52_111.jpg,D:\Madhav Rajpal\Sem 8 college\CV\Final Assignment\Data\IMG\right_2026_08_03_20_17_52_111.jpg,-0.1411765,1,0,30.19106
D:\Madhav Rajpal\Sem 8 college\CV\Final Assignment\Data\IMG\center_2026_08_03_20_17_52_179.jpg,D:\Madhav Rajpal\Sem 8 college\CV\Final Assignment\Data\IMG\left_2026_08_03_20_17_52_179.jpg,D:\Madhav Rajpal\Sem 8 college\CV\Final Assignment\Data\IMG\right_2026_08_03_20_17_52_179.jpg,-0.1411765,1,0,30.18921
D:\Madhav Rajpal\Sem 8 college\CV\Final Assignment\Data\IMG\center_2026_08_03_20_17_52_252.jpg,D:\Madhav Rajpal\Sem 8 college\CV\Final Assignment\Data\IMG\left_2026_08_03_20_17_52_252.jpg,D:\Madhav Rajpal\Sem 8 college\CV\Final Assignment\Data\IMG\right_2026_08_03_20_17_52_252.jpg,-0.1588235,1,0,30.18893
D:\Madhav Rajpal\Sem 8 college\CV\Final Assignment\Data\IMG\center_2026_08_03_20_17_52_326.jpg,D:\Madhav Rajpal\Sem 8 college\CV\Final Assignment\Data\IMG\left_2026_08_03_20_17_52_326.jpg,D:\Madhav Rajpal\Sem 8 college\CV\Final Assignment\Data\IMG\right_2026_08_03_20_17_52_326.jpg,-0.1647059,1,0,30.18894
D:\Madhav Rajpal\Sem 8 college\CV\Final Assignment\Data\IMG\center_2026_08_03_20_17_52_394.jpg,D:\Madhav Rajpal\Sem 8 college\CV\Final Assignment\Data\IMG\left_2026_08_03_20_17_52_394.jpg,D:\Madhav Rajpal\Sem 8 college\CV\Final Assignment\Data\IMG\right_2026_08_03_20_17_52_394.jpg,-0.1705882,1,0,30.18914
D:\Madhav Rajpal\Sem 8 college\CV\Final Assignment\Data\IMG\center_2026_08_03_20_17_52_460.jpg,D:\Madhav Rajpal\Sem 8 college\CV\Final Assignment\Data\IMG\left_2026_08_03_20_17_52_460.jpg,D:\Madhav Rajpal\Sem 8 college\CV\Final Assignment\Data\IMG\right_2026_08_03_20_17_52_460.jpg,-0.1705882,1,0,30.18933
D:\Madhav Rajpal\Sem 8 college\CV\Final Assignment\Data\IMG\center_2026_08_03_20_17_52_534.jpg,D:\Madhav Rajpal\Sem 8 college\CV\Final Assignment\Data\IMG\left_2026_08_03_20_17_52_534.jpg,D:\Madhav Rajpal\Sem 8 college\CV\Final Assignment\Data\IMG\right_2026_08_03_20_17_52_534.jpg,-0.1705882,1,0,30.18946
D:\Madhav Rajpal\Sem 8 college\CV\Final Assignment\Data\IMG\center_2026_08_03_20_17_52_607.jpg,D:\Madhav Rajpal\Sem 8 college\CV\Final Assignment\Data\IMG\left_2026_08_03_20_17_52_607.jpg,D:\Madhav Rajpal\Sem 8 college\CV\Final Assignment\Data\IMG\right_2026_08_03_20_17_52_607.jpg,-0.1705882,1,0,30.1895
D:\Madhav Rajpal\Sem 8 college\CV\Final Assignment\Data\IMG\center_2026_08_03_20_17_52_682.jpg,D:\Madhav Rajpal\Sem 8 college\CV\Final Assignment\Data\IMG\left_2026_08_03_20_17_52_682.jpg,D:\Madhav Rajpal\Sem 8 college\CV\Final Assignment\Data\IMG\right_2026_08_03_20_17_52_682.jpg,-0.1705882,1,0,30.19001
D:\Madhav Rajpal\Sem 8 college\CV\Final Assignment\Data\IMG\center_2026_08_03_20_17_52_754.jpg,D:\Madhav Rajpal\Sem 8 college\CV\Final Assignment\Data\IMG\left_2026_08_03_20_17_52_754.jpg,D:\Madhav Rajpal\Sem 8 college\CV\Final Assignment\Data\IMG\right_2026_08_03_20_17_52_754.jpg,-0.1705882,1,0,30.18968
D:\Madhav Rajpal\Sem 8 college\CV\Final Assignment\Data\IMG\center_2026_08_03_20_17_52_820.jpg,D:\Madhav Rajpal\Sem 8 college\CV\Final Assignment\Data\IMG\left_2026_08_03_20_17_52_820.jpg,D:\Madhav Rajpal\Sem 8 college\CV\Final Assignment\Data\IMG\right_2026_08_03_20_17_52_820.jpg,-0.1705882,1,0,30.18964
D:\Madhav Rajpal\Sem 8 college\CV\Final Assignment\Data\IMG\center_2026_08_03_20_17_52_890.jpg,D:\Madhav Rajpal\Sem 8 college\CV\Final Assignment\Data\IMG\left_2026_08_03_20_17_52_890.jpg,D:\Madhav Rajpal\Sem 8 college\CV\Final Assignment\Data\IMG\right_2026_08_03_20_17_52_890.jpg,-0.1705882,1,0,30.18968
D:\Madhav Rajpal\Sem 8 college\CV\Final Assignment\Data\IMG\center_2026_08_03_20_17_52_960.jpg,D:\Madhav Rajpal\Sem 8 college\CV\Final Assignment\Data\IMG\left_2026_08_03_20_17_52_960.jpg,D:\Madhav Rajpal\Sem 8 college\CV\Final Assignment\Data\IMG\right_2026_08_03_20_17_52_960.jpg,-0.1705882,1,0,30.18966
D:\Madhav Rajpal\Sem 8 college\CV\Final Assignment\Data\IMG\center_2026_08_03_20_17_53_031.jpg,D:\Madhav Rajpal\Sem 8 college\CV\Final Assignment\Data\IMG\left_2026_08_03_20_17_53_031.jpg,D:\Madhav Rajpal\Sem 8 college\CV\Final Assignment\Data\IMG\right_2026_08_03_20_17_53_031.jpg,-0.1647059,1,0,30.18997
D:\Madhav Rajpal\Sem 8 college\CV\Final Assignment\Data\IMG\center_2026_08_03_20_17_53_105.jpg,D:\Madhav Rajpal\Sem 8 college\CV\Final Assignment\Data\IMG\left_2026_08_03_20_17_53_105.jpg,D:\Madhav Rajpal\Sem 8 college\CV\Final Assignment\Data\IMG\right_2026_08_03_20_17_53_105.jpg,-0.1411765,1,0,30.19065
D:\Madhav Rajpal\Sem 8 college\CV\Final Assignment\Data\IMG\center_2026_08_03_20_17_53_181.jpg,D:\Madhav Rajpal\Sem 8 college\CV\Final Assignment\Data\IMG\left_2026_08_03_20_17_53_181.jpg,D:\Madhav Rajpal\Sem 8 college\CV\Final Assignment\Data\IMG\right_2026_08_03_20_17_53_181.jpg,-0.1235294,1,0,30.19106
D:\Madhav Rajpal\Sem 8 college\CV\Final Assignment\Data\IMG\center_2026_08_03_20_17_53_254.jpg,D:\Madhav Rajpal\Sem 8 college\CV\Final Assignment\Data\IMG\left_2026_08_03_20_17_53_254.jpg,D:\Madhav Rajpal\Sem 8 college\CV\Final Assignment\Data\IMG\right_2026_08_03_20_17_53_254.jpg,-0.1235294,1,0,30.19046
D:\Madhav Rajpal\Sem 8 college\CV\Final Assignment\Data\IMG\center_2026_08_03_20_17_53_326.jpg,D:\Madhav Rajpal\Sem 8 college\CV\Final Assignment\Data\IMG\left_2026_08_03_20_17_53_326.jpg,D:\Madhav Rajpal\Sem 8 college\CV\Final Assignment\Data\IMG\right_2026_08_03_20_17_53_326.jpg,-0.1235294,1,0,30.19034
D:\Madhav Rajpal\Sem 8 college\CV\Final Assignment\Data\IMG\center_2026_08_03_20_17_53_396.jpg,D:\Madhav Rajpal\Sem 8 college\CV\Final Assignment\Data\IMG\left_2026_08_03_20_17_53_396.jpg,D:\Madhav Rajpal\Sem 8 college\CV\Final Assignment\Data\IMG\right_2026_08_03_20_17_53_396.jpg,-0.1058824,1,0,30.19121
D:\Madhav Rajpal\Sem 8 college\CV\Final Assignment\Data\IMG\center_2026_08_03_20_17_53_468.jpg,D:\Madhav Rajpal\Sem 8 college\CV\Final Assignment\Data\IMG\left_2026_08_03_20_17_53_468.jpg,D:\Madhav Rajpal\Sem 8 college\CV\Final Assignment\Data\IMG\right_2026_08_03_20_17_53_468.jpg,-0.08823529,1,0,30.1905
D:\Madhav Rajpal\Sem 8 college\CV\Final Assignment\Data\IMG\center_2026_08_03_20_17_53_541.jpg,D:\Madhav Rajpal\Sem 8 college\CV\Final Assignment\Data\IMG\left_2026_08_03_20_17_53_541.jpg,D:\Madhav Rajpal\Sem 8 college\CV\Final Assignment\Data\IMG\right_2026_08_03_20_17_53_541.jpg,-0.04705882,1,0,30.19051
D:\Madhav Rajpal\Sem 8 college\CV\Final Assignment\Data\IMG\center_2026_08_03_20_17_53_614.jpg,D:\Madhav Rajpal\Sem 8 college\CV\Final Assignment\Data\IMG\left_2026_08_03_20_17_53_614.jpg,D:\Madhav Rajpal\Sem 8 college\CV\Final Assignment\Data\IMG\right_2026_08_03_20_17_53_614.jpg,0.01176471,1,0,30.18868
D:\Madhav Rajpal\Sem 8 college\CV\Final Assignment\Data\IMG\center_2026_08_03_20_17_53_689.jpg,D:\Madhav Rajpal\Sem 8 college\CV\Final Assignment\Data\IMG\left_2026_08_03_20_17_53_689.jpg,D:\Madhav Rajpal\Sem 8 college\CV\Final Assignment\Data\IMG\right_2026_08_03_20_17_53_689.jpg,0.05294118,1,0,30.18828
D:\Madhav Rajpal\Sem 8 college\CV\Final Assignment\Data\IMG\center_2026_08_03_20_17_53_758.jpg,D:\Madhav Rajpal\Sem 8 college\CV\Final Assignment\Data\IMG\left_2026_08_03_20_17_53_758.jpg,D:\Madhav Rajpal\Sem 8 college\CV\Final Assignment\Data\IMG\right_2026_08_03_20_17_53_758.jpg,0.05882353,1,0,30.18897
D:\Madhav Rajpal\Sem 8 college\CV\Final Assignment\Data\IMG\center_2026_08_03_20_17_53_835.jpg,D:\Madhav Rajpal\Sem 8 college\CV\Final Assignment\Data\IMG\left_2026_08_03_20_17_53_835.jpg,D:\Madhav Rajpal\Sem 8 college\CV\Final Assignment\Data\IMG\right_2026_08_03_20_17_53_835.jpg,0.05882353,1,0,30.18926
D:\Madhav Rajpal\Sem 8 college\CV\Final Assignment\Data\IMG\center_2026_08_03_20_17_53_914.jpg,D:\Madhav Rajpal\Sem 8 college\CV\Final Assignment\Data\IMG\left_2026_08_03_20_17_53_914.jpg,D:\Madhav Rajpal\Sem 8 college\CV\Final Assignment\Data\IMG\right_2026_08_03_20_17_53_914.jpg,0.05882353,1,0,30.19012
D:\Madhav Rajpal\Sem 8 college\CV\Final Assignment\Data\IMG\center_2026_08_03_20_17_53_989.jpg,D:\Madhav Rajpal\Sem 8 college\CV\Final Assignment\Data\IMG\left_2026_08_03_20_17_53_989.jpg,D:\Madhav Rajpal\Sem 8 college\CV\Final Assignment\Data\IMG\right_2026_08_03_20_17_53_989.jpg,0.05882353,1,0,30.18998
D:\Madhav Rajpal\Sem 8 college\CV\Final Assignment\Data\IMG\center_2026_08_03_20_17_54_063.jpg,D:\Madhav Rajpal\Sem 8 college\CV\Final Assignment\Data\IMG\left_2026_08_03_20_17_54_063.jpg,D:\Madhav Rajpal\Sem 8 college\CV\Final Assignment\Data\IMG\right_2026_08_03_20_17_54_063.jpg,0.05882353,1,0,30.18919
D:\Madhav Rajpal\Sem 8 college\CV\Final Assignment\Data\IMG\center_2026_08_03_20_17_54_131.jpg,D:\Madhav Rajpal\Sem 8 college\CV\Final Assignment\Data\IMG\left_2026_08_03_20_17_54_131.jpg,D:\Madhav Rajpal\Sem 8 college\CV\Final Assignment\Data\IMG\right_2026_08_03_20_17_54_131.jpg,0.05882353,1,0,30.19053
D:\Madhav Rajpal\Sem 8 college\CV\Final Assignment\Data\IMG\center_2026_08_03_20_17_54_207.jpg,D:\Madhav Rajpal\Sem 8 college\CV\Final Assignment\Data\IMG\left_2026_08_03_20_17_54_207.jpg,D:\Madhav Rajpal\Sem 8 college\CV\Final Assignment\Data\IMG\right_2026_08_03_20_17_54_207.jpg,0.02352941,1,0,30.19046
D:\Madhav Rajpal\Sem 8 college\CV\Final Assignment\Data\IMG\center_2026_08_03_20_17_54_282.jpg,D:\Madhav Rajpal\Sem 8 college\CV\Final Assignment\Data\IMG\left_2026_08_03_20_17_54_282.jpg,D:\Madhav Rajpal\Sem 8 college\CV\Final Assignment\Data\IMG\right_2026_08_03_20_17_54_282.jpg,-0.01176471,1,0,30.19015
D:\Madhav Rajpal\Sem 8 college\CV\Final Assignment\Data\IMG\center_2026_08_03_20_17_54_351.jpg,D:\Madhav Rajpal\Sem 8 college\CV\Final Assignment\Data\IMG\left_2026_08_03_20_17_54_351.jpg,D:\Madhav Rajpal\Sem 8 college\CV\Final Assignment\Data\IMG\right_2026_08_03_20_17_54_351.jpg,-0.04117647,1,0,30.18968
D:\Madhav Rajpal\Sem 8 college\CV\Final Assignment\Data\IMG\center_2026_08_03_20_17_54_421.jpg,D:\Madhav Rajpal\Sem 8 college\CV\Final Assignment\Data\IMG\left_2026_08_03_20_17_54_421.jpg,D:\Madhav Rajpal\Sem 8 college\CV\Final Assignment\Data\IMG\right_2026_08_03_20_17_54_421.jpg,-0.07058824,1,0,30.18914
D:\Madhav Rajpal\Sem 8 college\CV\Final Assignment\Data\IMG\center_2026_08_03_20_17_54_491.jpg,D:\Madhav Rajpal\Sem 8 college\CV\Final Assignment\Data\IMG\left_2026_08_03_20_17_54_491.jpg,D:\Madhav Rajpal\Sem 8 college\CV\Final Assignment\Data\IMG\right_2026_08_03_20_17_54_491.jpg,-0.08823529,1,0,30.18905
D:\Madhav Rajpal\Sem 8 college\CV\Final Assignment\Data\IMG\center_2026_08_03_20_17_54_566.jpg,D:\Madhav Rajpal\Sem 8 college\CV\Final Assignment\Data\IMG\left_2026_08_03_20_17_54_566.jpg,D:\Madhav Rajpal\Sem 8 college\CV\Final Assignment\Data\IMG\right_2026_08_03_20_17_54_566.jpg,-0.09411765,1,0,30.18909
D:\Madhav Rajpal\Sem 8 college\CV\Final Assignment\Data\IMG\center_2026_08_03_20_17_54_634.jpg,D:\Madhav Rajpal\Sem 8 college\CV\Final Assignment\Data\IMG\left_2026_08_03_20_17_54_634.jpg,D:\Madhav Rajpal\Sem 8 college\CV\Final Assignment\Data\IMG\right_2026_08_03_20_17_54_634.jpg,-0.1,1,0,30.18972
D:\Madhav Rajpal\Sem 8 college\CV\Final Assignment\Data\IMG\center_2026_08_03_20_17_54_703.jpg,D:\Madhav Rajpal\Sem 8 college\CV\Final Assignment\Data\IMG\left_2026_08_03_20_17_54_703.jpg,D:\Madhav Rajpal\Sem 8 college\CV\Final Assignment\Data\IMG\right_2026_08_03_20_17_54_703.jpg,-0.1,1,0,30.18976
D:\Madhav Rajpal\Sem 8 college\CV\Final Assignment\Data\IMG\center_2026_08_03_20_17_54_771.jpg,D:\Madhav Rajpal\Sem 8 college\CV\Final Assignment\Data\IMG\left_2026_08_03_20_17_54_771.jpg,D:\Madhav Rajpal\Sem 8 college\CV\Final Assignment\Data\IMG\right_2026_08_03_20_17_54_771.jpg,-0.1,1,0,30.19009
D:\Madhav Rajpal\Sem 8 college\CV\Final Assignment\Data\IMG\center_2026_08_03_20_17_54_843.jpg,D:\Madhav Rajpal\Sem 8 college\CV\Final Assignment\Data\IMG\left_2026_08_03_20_17_54_843.jpg,D:\Madhav Rajpal\Sem 8 college\CV\Final Assignment\Data\IMG\right_2026_08_03_20_17_54_843.jpg,-0.1,1,0,30.1902
D:\Madhav Rajpal\Sem 8 college\CV\Final Assignment\Data\IMG\center_2026_08_03_20_17_54_911.jpg,D:\Madhav Rajpal\Sem 8 college\CV\Final Assignment\Data\IMG\left_2026_08_03_20_17_54_911.jpg,D:\Madhav Rajpal\Sem 8 college\CV\Final Assignment\Data\IMG\right_2026_08_03_20_17_54_911.jpg,-0.1,1,0,30.19006
D:\Madhav Rajpal\Sem 8 college\CV\Final Assignment\Data\IMG\center_2026_08_03_20_17_54_981.jpg,D:\Madhav Rajpal\Sem 8 college\CV\Final Assignment\Data\IMG\left_2026_08_03_20_17_54_981.jpg,D:\Madhav Rajpal\Sem 8 college\CV\Final Assignment\Data\IMG\right_2026_08_03_20_17_54_981.jpg,-0.1,1,0,30.18999
D:\Madhav Rajpal\Sem 8 college\CV\Final Assignment\Data\IMG\center_2026_08_03_20_17_55_049.jpg,D:\Madhav Rajpal\Sem 8 college\CV\Final Assignment\Data\IMG\left_2026_08_03_20_17_55_049.jpg,D:\Madhav Rajpal\Sem 8 college\CV\Final Assignment\Data\IMG\right_2026_08_03_20_17_55_049.jpg,-0.1,1,0,30.18999
D:\Madhav Rajpal\Sem 8 college\CV\Final Assignment\Data\IMG\center_2026_08_03_20_17_55_118.jpg,D:\Madhav Rajpal\Sem 8 college\CV\Final Assignment\Data\IMG\left_2026_08_03_20_17_55_118.jpg,D:\Madhav Rajpal\Sem 8 college\CV\Final Assignment\Data\IMG\right_2026_08_03_20_17_55_118.jpg,-0.1,1,0,30.18995
D:\Madhav Rajpal\Sem 8 college\CV\Final Assignment\Data\IMG\center_2026_08_03_20_17_55_192.jpg,D:\Madhav Rajpal\Sem 8 college\CV\Final Assignment\Data\IMG\left_2026_08_03_20_17_55_192.jpg,D:\Madhav Rajpal\Sem 8 college\CV\Final Assignment\Data\IMG\right_2026_08_03_20_17_55_192.jpg,-0.1,1,0,30.18989
D:\Madhav Rajpal\Sem 8 college\CV\Final Assignment\Data\IMG\center_2026_08_03_20_17_55_266.jpg,D:\Madhav Rajpal\Sem 8 college\CV\Final Assignment\Data\IMG\left_2026_08_03_20_17_55_266.jpg,D:\Madhav Rajpal\Sem 8 college\CV\Final Assignment\Data\IMG\right_2026_08_03_20_17_55_266.jpg,-0.1,1,0,30.18982
D:\Madhav Rajpal\Sem 8 college\CV\Final Assignment\Data\IMG\center_2026_08_03_20_17_55_343.jpg,D:\Madhav Rajpal\Sem 8 college\CV\Final Assignment\Data\IMG\left_2026_08_03_20_17_55_343.jpg,D:\Madhav Rajpal\Sem 8 college\CV\Final Assignment\Data\IMG\right_2026_08_03_20_17_55_343.jpg,-0.09411765,1,0,30.19017
D:\Madhav Rajpal\Sem 8 college\CV\Final Assignment\Data\IMG\center_2026_08_03_20_17_55_422.jpg,D:\Madhav Rajpal\Sem 8 college\CV\Final Assignment\Data\IMG\left_2026_08_03_20_17_55_422.jpg,D:\Madhav Rajpal\Sem 8 college\CV\Final Assignment\Data\IMG\right_2026_08_03_20_17_55_422.jpg,-0.08823529,1,0,30.19013
D:\Madhav Rajpal\Sem 8 college\CV\Final Assignment\Data\IMG\center_2026_08_03_20_17_55_495.jpg,D:\Madhav Rajpal\Sem 8 college\CV\Final Assignment\Data\IMG\left_2026_08_03_20_17_55_495.jpg,D:\Madhav Rajpal\Sem 8 college\CV\Final Assignment\Data\IMG\right_2026_08_03_20_17_55_495.jpg,-0.08823529,1,0,30.18928
D:\Madhav Rajpal\Sem 8 college\CV\Final Assignment\Data\IMG\center_2026_08_03_20_17_55_564.jpg,D:\Madhav Rajpal\Sem 8 college\CV\Final Assignment\Data\IMG\left_2026_08_03_20_17_55_564.jpg,D:\Madhav Rajpal\Sem 8 college\CV\Final Assignment\Data\IMG\right_2026_08_03_20_17_55_564.jpg,-0.08823529,1,0,30.19026
D:\Madhav Rajpal\Sem 8 college\CV\Final Assignment\Data\IMG\center_2026_08_03_20_17_55_640.jpg,D:\Madhav Rajpal\Sem 8 college\CV\Final Assignment\Data\IMG\left_2026_08_03_20_17_55_640.jpg,D:\Madhav Rajpal\Sem 8 college\CV\Final Assignment\Data\IMG\right_2026_08_03_20_17_55_640.jpg,-0.08823529,1,0,30.18997
D:\Madhav Rajpal\Sem 8 college\CV\Final Assignment\Data\IMG\center_2026_08_03_20_17_55_707.jpg,D:\Madhav Rajpal\Sem 8 college\CV\Final Assignment\Data\IMG\left_2026_08_03_20_17_55_707.jpg,D:\Madhav Rajpal\Sem 8 college\CV\Final Assignment\Data\IMG\right_2026_08_03_20_17_55_707.jpg,-0.08823529,1,0,30.18987
D:\Madhav Rajpal\Sem 8 college\CV\Final Assignment\Data\IMG\center_2026_08_03_20_17_55_783.jpg,D:\Madhav Rajpal\Sem 8 college\CV\Final Assignment\Data\IMG\left_2026_08_03_20_17_55_783.jpg,D:\Madhav Rajpal\Sem 8 college\CV\Final Assignment\Data\IMG\right_2026_08_03_20_17_55_783.jpg,-0.08235294,1,0,30.18993
D:\Madhav Rajpal\Sem 8 college\CV\Final Assignment\Data\IMG\center_2026_08_03_20_17_55_859.jpg,D:\Madhav Rajpal\Sem 8 college\CV\Final Assignment\Data\IMG\left_2026_08_03_20_17_55_859.jpg,D:\Madhav Rajpal\Sem 8 college\CV\Final Assignment\Data\IMG\right_2026_08_03_20_17_55_859.jpg,-0.06470589,1,0,30.19009
D:\Madhav Rajpal\Sem 8 college\CV\Final Assignment\Data\IMG\center_2026_08_03_20_17_55_931.jpg,D:\Madhav Rajpal\Sem 8 college\CV\Final Assignment\Data\IMG\left_2026_08_03_20_17_55_931.jpg,D:\Madhav Rajpal\Sem 8 college\CV\Final Assignment\Data\IMG\right_2026_08_03_20_17_55_931.jpg,-0.04705882,1,0,30.19012
D:\Madhav Rajpal\Sem 8 college\CV\Final Assignment\Data\IMG\center_2026_08_03_20_17_56_001.jpg,D:\Madhav Rajpal\Sem 8 college\CV\Final Assignment\Data\IMG\left_2026_08_03_20_17_56_001.jpg,D:\Madhav Rajpal\Sem 8 college\CV\Final Assignment\Data\IMG\right_2026_08_03_20_17_56_001.jpg,-0.04117647,1,0,30.19007
D:\Madhav Rajpal\Sem 8 college\CV\Final Assignment\Data\IMG\center_2026_08_03_20_17_56_072.jpg,D:\Madhav Rajpal\Sem 8 college\CV\Final Assignment\Data\IMG\left_2026_08_03_20_17_56_072.jpg,D:\Madhav Rajpal\Sem 8 college\CV\Final Assignment\Data\IMG\right_2026_08_03_20_17_56_072.jpg,-0.005882353,1,0,30.19002
D:\Madhav Rajpal\Sem 8 college\CV\Final Assignment\Data\IMG\center_2026_08_03_20_17_56_145.jpg,D:\Madhav Rajpal\Sem 8 college\CV\Final Assignment\Data\IMG\left_2026_08_03_20_17_56_145.jpg,D:\Madhav Rajpal\Sem 8 college\CV\Final Assignment\Data\IMG\right_2026_08_03_20_17_56_145.jpg,0.01176471,1,0,30.18997
D:\Madhav Rajpal\Sem 8 college\CV\Final Assignment\Data\IMG\center_2026_08_03_20_17_56_223.jpg,D:\Madhav Rajpal\Sem 8 college\CV\Final Assignment\Data\IMG\left_2026_08_03_20_17_56_223.jpg,D:\Madhav Rajpal\Sem 8 college\CV\Final Assignment\Data\IMG\right_2026_08_03_20_17_56_223.jpg,0.01764706,1,0,30.18986
D:\Madhav Rajpal\Sem 8 college\CV\Final Assignment\Data\IMG\center_2026_08_03_20_17_56_290.jpg,D:\Madhav Rajpal\Sem 8 college\CV\Final Assignment\Data\IMG\left_2026_08_03_20_17_56_290.jpg,D:\Madhav Rajpal\Sem 8 college\CV\Final Assignment\Data\IMG\right_2026_08_03_20_17_56_290.jpg,0.04117647,1,0,30.18883
D:\Madhav Rajpal\Sem 8 college\CV\Final Assignment\Data\IMG\center_2026_08_03_20_17_56_359.jpg,D:\Madhav Rajpal\Sem 8 college\CV\Final Assignment\Data\IMG\left_2026_08_03_20_17_56_359.jpg,D:\Madhav Rajpal\Sem 8 college\CV\Final Assignment\Data\IMG\right_2026_08_03_20_17_56_359.jpg,0.04705882,1,0,30.18993
D:\Madhav Rajpal\Sem 8 college\CV\Final Assignment\Data\IMG\center_2026_08_03_20_17_56_432.jpg,D:\Madhav Rajpal\Sem 8 college\CV\Final Assignment\Data\IMG\left_2026_08_03_20_17_56_432.jpg,D:\Madhav Rajpal\Sem 8 college\CV\Final Assignment\Data\IMG\right_2026_08_03_20_17_56_432.jpg,0.04705882,1,0,30.18989
D:\Madhav Rajpal\Sem 8 college\CV\Final Assignment\Data\IMG\center_2026_08_03_20_17_56_508.jpg,D:\Madhav Rajpal\Sem 8 college\CV\Final Assignment\Data\IMG\left_2026_08_03_20_17_56_508.jpg,D:\Madhav Rajpal\Sem 8 college\CV\Final Assignment\Data\IMG\right_2026_08_03_20_17_56_508.jpg,0.04705882,1,0,30.19001
D:\Madhav Rajpal\Sem 8 college\CV\Final Assignment\Data\IMG\center_2026_08_03_20_17_56_580.jpg,D:\Madhav Rajpal\Sem 8 college\CV\Final Assignment\Data\IMG\left_2026_08_03_20_17_56_580.jpg,D:\Madhav Rajpal\Sem 8 college\CV\Final Assignment\Data\IMG\right_2026_08_03_20_17_56_580.jpg,0.04705882,1,0,30.19005
D:\Madhav Rajpal\Sem 8 college\CV\Final Assignment\Data\IMG\center_2026_08_03_20_17_56_654.jpg,D:\Madhav Rajpal\Sem 8 college\CV\Final Assignment\Data\IMG\left_2026_08_03_20_17_56_654.jpg,D:\Madhav Rajpal\Sem 8 college\CV\Final Assignment\Data\IMG\right_2026_08_03_20_17_56_654.jpg,0.04705882,1,0,30.1901
D:\Madhav Rajpal\Sem 8 college\CV\Final Assignment\Data\IMG\center_2026_08_03_20_17_56_722.jpg,D:\Madhav Rajpal\Sem 8 college\CV\Final Assignment\Data\IMG\left_2026_08_03_20_17_56_722.jpg,D:\Madhav Rajpal\Sem 8 college\CV\Final Assignment\Data\IMG\right_2026_08_03_20_17_56_722.jpg,0.04705882,1,0,30.19015
D:\Madhav Rajpal\Sem 8 college\CV\Final Assignment\Data\IMG\center_2026_08_03_20_17_56_795.jpg,D:\Madhav Rajpal\Sem 8 college\CV\Final Assignment\Data\IMG\left_2026_08_03_20_17_56_795.jpg,D:\Madhav Rajpal\Sem 8 college\CV\Final Assignment\Data\IMG\right_2026_08_03_20_17_56_795.jpg,0.03529412,1,0,30.19028
D:\Madhav Rajpal\Sem 8 college\CV\Final Assignment\Data\IMG\center_2026_08_03_20_17_56_862.jpg,D:\Madhav Rajpal\Sem 8 college\CV\Final Assignment\Data\IMG\left_2026_08_03_20_17_56_862.jpg,D:\Madhav Rajpal\Sem 8 college\CV\Final Assignment\Data\IMG\right_2026_08_03_20_17_56_862.jpg,0.03529412,1,0,30.18988
D:\Madhav Rajpal\Sem 8 college\CV\Final Assignment\Data\IMG\center_2026_08_03_20_17_56_935.jpg,D:\Madhav Rajpal\Sem 8 college\CV\Final Assignment\Data\IMG\left_2026_08_03_20_17_56_935.jpg,D:\Madhav Rajpal\Sem 8 college\CV\Final Assignment\Data\IMG\right_2026_08_03_20_17_56_935.jpg,0.03529412,1,0,30.19053
D:\Madhav Rajpal\Sem 8 college\CV\Final Assignment\Data\IMG\center_2026_08_03_20_17_57_006.jpg,D:\Madhav Rajpal\Sem 8 college\CV\Final Assignment\Data\IMG\left_2026_08_03_20_17_57_006.jpg,D:\Madhav Rajpal\Sem 8 college\CV\Final Assignment\Data\IMG\right_2026_08_03_20_17_57_006.jpg,0.03529412,1,0,30.19046
D:\Madhav Rajpal\Sem 8 college\CV\Final Assignment\Data\IMG\center_2026_08_03_20_17_57_073.jpg,D:\Madhav Rajpal\Sem 8 college\CV\Final Assignment\Data\IMG\left_2026_08_03_20_17_57_073.jpg,D:\Madhav Rajpal\Sem 8 college\CV\Final Assignment\Data\IMG\right_2026_08_03_20_17_57_073.jpg,0.03529412,1,0,30.19051
D:\Madhav Rajpal\Sem 8 college\CV\Final Assignment\Data\IMG\center_2026_08_03_20_17_57_149.jpg,D:\Madhav Rajpal\Sem 8 college\CV\Final Assignment\Data\IMG\left_2026_08_03_20_17_57_149.jpg,D:\Madhav Rajpal\Sem 8 college\CV\Final Assignment\Data\IMG\right_2026_08_03_20_17_57_149.jpg,0.02352941,1,0,30.19077
D:\Madhav Rajpal\Sem 8 college\CV\Final Assignment\Data\IMG\center_2026_08_03_20_17_57_219.jpg,D:\Madhav Rajpal\Sem 8 college\CV\Final Assignment\Data\IMG\left_2026_08_03_20_17_57_219.jpg,D:\Madhav Rajpal\Sem 8 college\CV\Final Assignment\Data\IMG\right_2026_08_03_20_17_57_219.jpg,0.01176471,1,0,30.19062
D:\Madhav Rajpal\Sem 8 college\CV\Final Assignment\Data\IMG\center_2026_08_03_20_17_57_296.jpg,D:\Madhav Rajpal\Sem 8 college\CV\Final Assignment\Data\IMG\left_2026_08_03_20_17_57_296.jpg,D:\Madhav Rajpal\Sem 8 college\CV\Final Assignment\Data\IMG\right_2026_08_03_20_17_57_296.jpg,0.01176471,1,0,30.1906
D:\Madhav Rajpal\Sem 8 college\CV\Final Assignment\Data\IMG\center_2026_08_03_20_17_57_369.jpg,D:\Madhav Rajpal\Sem 8 college\CV\Final Assignment\Data\IMG\left_2026_08_03_20_17_57_369.jpg,D:\Madhav Rajpal\Sem 8 college\CV\Final Assignment\Data\IMG\right_2026_08_03_20_17_57_369.jpg,0.005882353,1,0,30.1906
D:\Madhav Rajpal\Sem 8 college\CV\Final Assignment\Data\IMG\center_2026_08_03_20_17_57_440.jpg,D:\Madhav Rajpal\Sem 8 college\CV\Final Assignment\Data\IMG\left_2026_08_03_20_17_57_440.jpg,D:\Madhav Rajpal\Sem 8 college\CV\Final Assignment\Data\IMG\right_2026_08_03_20_17_57_440.jpg,0,1,0,30.19056
D:\Madhav Rajpal\Sem 8 college\CV\Final Assignment\Data\IMG\center_2026_08_03_20_17_57_511.jpg,D:\Madhav Rajpal\Sem 8 college\CV\Final Assignment\Data\IMG\left_2026_08_03_20_17_57_511.jpg,D:\Madhav Rajpal\Sem 8 college\CV\Final Assignment\Data\IMG\right_2026_08_03_20_17_57_511.jpg,-0.01176471,1,0,30.19054
D:\Madhav Rajpal\Sem 8 college\CV\Final Assignment\Data\IMG\center_2026_08_03_20_17_57_581.jpg,D:\Madhav Rajpal\Sem 8 college\CV\Final Assignment\Data\IMG\left_2026_08_03_20_17_57_581.jpg,D:\Madhav Rajpal\Sem 8 college\CV\Final Assignment\Data\IMG\right_2026_08_03_20_17_57_581.jpg,-0.03529412,1,0,30.19017
D:\Madhav Rajpal\Sem 8 college\CV\Final Assignment\Data\IMG\center_2026_08_03_20_17_57_655.jpg,D:\Madhav Rajpal\Sem 8 college\CV\Final Assignment\Data\IMG\left_2026_08_03_20_17_57_655.jpg,D:\Madhav Rajpal\Sem 8 college\CV\Final Assignment\Data\IMG\right_2026_08_03_20_17_57_655.jpg,-0.04705882,1,0,30.18964
D:\Madhav Rajpal\Sem 8 college\CV\Final Assignment\Data\IMG\center_2026_08_03_20_17_57_723.jpg,D:\Madhav Rajpal\Sem 8 college\CV\Final Assignment\Data\IMG\left_2026_08_03_20_17_57_723.jpg,D:\Madhav Rajpal\Sem 8 college\CV\Final Assignment\Data\IMG\right_2026_08_03_20_17_57_723.jpg,-0.04705882,1,0,30.19044
D:\Madhav Rajpal\Sem 8 college\CV\Final Assignment\Data\IMG\center_2026_08_03_20_17_57_794.jpg,D:\Madhav Rajpal\Sem 8 college\CV\Final Assignment\Data\IMG\left_2026_08_03_20_17_57_794.jpg,D:\Madhav Rajpal\Sem 8 college\CV\Final Assignment\Data\IMG\right_2026_08_03_20_17_57_794.jpg,-0.04705882,1,0,30.19046
D:\Madhav Rajpal\Sem 8 college\CV\Final Assignment\Data\IMG\center_2026_08_03_20_17_57_869.jpg,D:\Madhav Rajpal\Sem 8 college\CV\Final Assignment\Data\IMG\left_2026_08_03_20_17_57_869.jpg,D:\Madhav Rajpal\Sem 8 college\CV\Final Assignment\Data\IMG\right_2026_08_03_20_17_57_869.jpg,-0.04705882,1,0,30.19046
D:\Madhav Rajpal\Sem 8 college\CV\Final Assignment\Data\IMG\center_2026_08_03_20_17_57_937.jpg,D:\Madhav Rajpal\Sem 8 college\CV\Final Assignment\Data\IMG\left_2026_08_03_20_17_57_937.jpg,D:\Madhav Rajpal\Sem 8 college\CV\Final Assignment\Data\IMG\right_2026_08_03_20_17_57_937.jpg,-0.04705882,1,0,30.19072
D:\Madhav Rajpal\Sem 8 college\CV\Final Assignment\Data\IMG\center_2026_08_03_20_17_58_004.jpg,D:\Madhav Rajpal\Sem 8 college\CV\Final Assignment\Data\IMG\left_2026_08_03_20_17_58_004.jpg,D:\Madhav Rajpal\Sem 8 college\CV\Final Assignment\Data\IMG\right_2026_08_03_20_17_58_004.jpg,-0.04705882,1,0,30.1906
D:\Madhav Rajpal\Sem 8 college\CV\Final Assignment\Data\IMG\center_2026_08_03_20_17_58_073.jpg,D:\Madhav Rajpal\Sem 8 college\CV\Final Assignment\Data\IMG\left_2026_08_03_20_17_58_073.jpg,D:\Madhav Rajpal\Sem 8 college\CV\Final Assignment\Data\IMG\right_2026_08_03_20_17_58_073.jpg,-0.04705882,1,0,30.19054
D:\Madhav Rajpal\Sem 8 college\CV\Final Assignment\Data\IMG\center_2026_08_03_20_17_58_150.jpg,D:\Madhav Rajpal\Sem 8 college\CV\Final Assignment\Data\IMG\left_2026_08_03_20_17_58_150.jpg,D:\Madhav Rajpal\Sem 8 college\CV\Final Assignment\Data\IMG\right_2026_08_03_20_17_58_150.jpg,-0.04705882,1,0,30.19069
D:\Madhav Rajpal\Sem 8 college\CV\Final Assignment\Data\IMG\center_2026_08_03_20_17_58_225.jpg,D:\Madhav Rajpal\Sem 8 college\CV\Final Assignment\Data\IMG\left_2026_08_03_20_17_58_225.jpg,D:\Madhav Rajpal\Sem 8 college\CV\Final Assignment\Data\IMG\right_2026_08_03_20_17_58_225.jpg,-0.04705882,1,0,30.18996
D:\Madhav Rajpal\Sem 8 college\CV\Final Assignment\Data\IMG\center_2026_08_03_20_17_58_299.jpg,D:\Madhav Rajpal\Sem 8 college\CV\Final Assignment\Data\IMG\left_2026_08_03_20_17_58_299.jpg,D:\Madhav Rajpal\Sem 8 college\CV\Final Assignment\Data\IMG\right_2026_08_03_20_17_58_299.jpg,-0.04705882,1,0,30.19024
D:\Madhav Rajpal\Sem 8 college\CV\Final Assignment\Data\IMG\center_2026_08_03_20_17_58_370.jpg,D:\Madhav Rajpal\Sem 8 college\CV\Final Assignment\Data\IMG\left_2026_08_03_20_17_58_370.jpg,D:\Madhav Rajpal\Sem 8 college\CV\Final Assignment\Data\IMG\right_2026_08_03_20_17_58_370.jpg,-0.04705882,1,0,30.19049
D:\Madhav Rajpal\Sem 8 college\CV\Final Assignment\Data\IMG\center_2026_08_03_20_17_58_444.jpg,D:\Madhav Rajpal\Sem 8 college\CV\Final Assignment\Data\IMG\left_2026_08_03_20_17_58_444.jpg,D:\Madhav Rajpal\Sem 8 college\CV\Final Assignment\Data\IMG\right_2026_08_03_20_17_58_444.jpg,-0.04705882,1,0,30.18984
D:\Madhav Rajpal\Sem 8 college\CV\Final Assignment\Data\IMG\center_2026_08_03_20_17_58_514.jpg,D:\Madhav Rajpal\Sem 8 college\CV\Final Assignment\Data\IMG\left_2026_08_03_20_17_58_514.jpg,D:\Madhav Rajpal\Sem 8 college\CV\Final Assignment\Data\IMG\right_2026_08_03_20_17_58_514.jpg,-0.04705882,1,0,30.19016
D:\Madhav Rajpal\Sem 8 college\CV\Final Assignment\Data\IMG\center_2026_08_03_20_17_58_587.jpg,D:\Madhav Rajpal\Sem 8 college\CV\Final Assignment\Data\IMG\left_2026_08_03_20_17_58_587.jpg,D:\Madhav Rajpal\Sem 8 college\CV\Final Assignment\Data\IMG\right_2026_08_03_20_17_58_587.jpg,-0.04705882,1,0,30.19024
D:\Madhav Rajpal\Sem 8 college\CV\Final Assignment\Data\IMG\center_2026_08_03_20_17_58_655.jpg,D:\Madhav Rajpal\Sem 8 college\CV\Final Assignment\Data\IMG\left_2026_08_03_20_17_58_655.jpg,D:\Madhav Rajpal\Sem 8 college\CV\Final Assignment\Data\IMG\right_2026_08_03_20_17_58_655.jpg,-0.04705882,1,0,30.19024
D:\Madhav Rajpal\Sem 8 college\CV\Final Assignment\Data\IMG\center_2026_08_03_20_17_58_723.jpg,D:\Madhav Rajpal\Sem 8 college\CV\Final Assignment\Data\IMG\left_2026_08_03_20_17_58_723.jpg,D:\Madhav Rajpal\Sem 8 college\CV\Final Assignment\Data\IMG\right_2026_08_03_20_17_58_723.jpg,-0.04705882,1,0,30.19028
D:\Madhav Rajpal\Sem 8 college\CV\Final Assignment\Data\IMG\center_2026_08_03_20_17_58_794.jpg,D:\Madhav Rajpal\Sem 8 college\CV\Final Assignment\Data\IMG\left_2026_08_03_20_17_58_794.jpg,D:\Madhav Rajpal\Sem 8 college\CV\Final Assignment\Data\IMG\right_2026_08_03_20_17_58_794.jpg,-0.04705882,1,0,30.19023
D:\Madhav Rajpal\Sem 8 college\CV\Final Assignment\Data\IMG\center_2026_08_03_20_17_58_862.jpg,D:\Madhav Rajpal\Sem 8 college\CV\Final Assignment\Data\IMG\left_2026_08_03_20_17_58_862.jpg,D:\Madhav Rajpal\Sem 8 college\CV\Final Assignment\Data\IMG\right_2026_08_03_20_17_58_862.jpg,-0.03529412,1,0,30.19036
D:\Madhav Rajpal\Sem 8 college\CV\Final Assignment\Data\IMG\center_2026_08_03_20_17_58_933.jpg,D:\Madhav Rajpal\Sem 8 college\CV\Final Assignment\Data\IMG\left_2026_08_03_20_17_58_933.jpg,D:\Madhav Rajpal\Sem 8 college\CV\Final Assignment\Data\IMG\right_2026_08_03_20_17_58_933.jpg,-0.03529412,1,0,30.19033
D:\Madhav Rajpal\Sem 8 college\CV\Final Assignment\Data\IMG\center_2026_08_03_20_17_59_004.jpg,D:\Madhav Rajpal\Sem 8 college\CV\Final Assignment\Data\IMG\left_2026_08_03_20_17_59_004.jpg,D:\Madhav Rajpal\Sem 8 college\CV\Final Assignment\Data\IMG\right_2026_08_03_20_17_59_004.jpg,-0.03529412,1,0,30.19029
D:\Madhav Rajpal\Sem 8 college\CV\Final Assignment\Data\IMG\center_2026_08_03_20_17_59_074.jpg,D:\Madhav Rajpal\Sem 8 college\CV\Final Assignment\Data\IMG\left_2026_08_03_20_17_59_074.jpg,D:\Madhav Rajpal\Sem 8 college\CV\Final Assignment\Data\IMG\right_2026_08_03_20_17_59_074.jpg,-0.03529412,1,0,30.19028
D:\Madhav Rajpal\Sem 8 college\CV\Final Assignment\Data\IMG\center_2026_08_03_20_17_59_149.jpg,D:\Madhav Rajpal\Sem 8 college\CV\Final Assignment\Data\IMG\left_2026_08_03_20_17_59_149.jpg,D:\Madhav Rajpal\Sem 8 college\CV\Final Assignment\Data\IMG\right_2026_08_03_20_17_59_149.jpg,-0.03529412,1,0,30.19027
D:\Madhav Rajpal\Sem 8 college\CV\Final Assignment\Data\IMG\center_2026_08_03_20_17_59_223.jpg,D:\Madhav Rajpal\Sem 8 college\CV\Final Assignment\Data\IMG\left_2026_08_03_20_17_59_223.jpg,D:\Madhav Rajpal\Sem 8 college\CV\Final Assignment\Data\IMG\right_2026_08_03_20_17_59_223.jpg,-0.03529412,1,0,30.19029
D:\Madhav Rajpal\Sem 8 college\CV\Final Assignment\Data\IMG\center_2026_08_03_20_17_59_291.jpg,D:\Madhav Rajpal\Sem 8 college\CV\Final Assignment\Data\IMG\left_2026_08_03_20_17_59_291.jpg,D:\Madhav Rajpal\Sem 8 college\CV\Final Assignment\Data\IMG\right_2026_08_03_20_17_59_291.jpg,-0.03529412,1,0,30.19026
D:\Madhav Rajpal\Sem 8 college\CV\Final Assignment\Data\IMG\center_2026_08_03_20_17_59_362.jpg,D:\Madhav Rajpal\Sem 8 college\CV\Final Assignment\Data\IMG\left_2026_08_03_20_17_59_362.jpg,D:\Madhav Rajpal\Sem 8 college\CV\Final Assignment\Data\IMG\right_2026_08_03_20_17_59_362.jpg,-0.03529412,1,0,30.19026
D:\Madhav Rajpal\Sem 8 college\CV\Final Assignment\Data\IMG\center_2026_08_03_20_17_59_430.jpg,D:\Madhav Rajpal\Sem 8 college\CV\Final Assignment\Data\IMG\left_2026_08_03_20_17_59_430.jpg,D:\Madhav Rajpal\Sem 8 college\CV\Final Assignment\Data\IMG\right_2026_08_03_20_17_59_430.jpg,-0.03529412,1,0,30.19029
D:\Madhav Rajpal\Sem 8 college\CV\Final Assignment\Data\IMG\center_2026_08_03_20_17_59_507.jpg,D:\Madhav Rajpal\Sem 8 college\CV\Final Assignment\Data\IMG\left_2026_08_03_20_17_59_507.jpg,D:\Madhav Rajpal\Sem 8 college\CV\Final Assignment\Data\IMG\right_2026_08_03_20_17_59_507.jpg,-0.03529412,1,0,30.19027
D:\Madhav Rajpal\Sem 8 college\CV\Final Assignment\Data\IMG\center_2026_08_03_20_17_59_585.jpg,D:\Madhav Rajpal\Sem 8 college\CV\Final Assignment\Data\IMG\left_2026_08_03_20_17_59_585.jpg,D:\Madhav Rajpal\Sem 8 college\CV\Final Assignment\Data\IMG\right_2026_08_03_20_17_59_585.jpg,-0.03529412,1,0,30.19034
D:\Madhav Rajpal\Sem 8 college\CV\Final Assignment\Data\IMG\center_2026_08_03_20_17_59_659.jpg,D:\Madhav Rajpal\Sem 8 college\CV\Final Assignment\Data\IMG\left_2026_08_03_20_17_59_659.jpg,D:\Madhav Rajpal\Sem 8 college\CV\Final Assignment\Data\IMG\right_2026_08_03_20_17_59_659.jpg,-0.03529412,1,0,30.19028
D:\Madhav Rajpal\Sem 8 college\CV\Final Assignment\Data\IMG\center_2026_08_03_20_17_59_733.jpg,D:\Madhav Rajpal\Sem 8 college\CV\Final Assignment\Data\IMG\left_2026_08_03_20_17_59_733.jpg,D:\Madhav Rajpal\Sem 8 college\CV\Final Assignment\Data\IMG\right_2026_08_03_20_17_59_733.jpg,-0.03529412,1,0,30.19028
D:\Madhav Rajpal\Sem 8 college\CV\Final Assignment\Data\IMG\center_2026_08_03_20_17_59_809.jpg,D:\Madhav Rajpal\Sem 8 college\CV\Final Assignment\Data\IMG\left_2026_08_03_20_17_59_809.jpg,D:\Madhav Rajpal\Sem 8 college\CV\Final Assignment\Data\IMG\right_2026_08_03_20_17_59_809.jpg,-0.03529412,1,0,30.19028
D:\Madhav Rajpal\Sem 8 college\CV\Final Assignment\Data\IMG\center_2026_08_03_20_17_59_886.jpg,D:\Madhav Rajpal\Sem 8 college\CV\Final Assignment\Data\IMG\left_2026_08_03_20_17_59_886.jpg,D:\Madhav Rajpal\Sem 8 college\CV\Final Assignment\Data\IMG\right_2026_08_03_20_17_59_886.jpg,-0.03529412,1,0,30.19026
D:\Madhav Rajpal\Sem 8 college\CV\Final Assignment\Data\IMG\center_2026_08_03_20_17_59_957.jpg,D:\Madhav Rajpal\Sem 8 college\CV\Final Assignment\Data\IMG\left_2026_08_03_20_17_59_957.jpg,D:\Madhav Rajpal\Sem 8 college\CV\Final Assignment\Data\IMG\right_2026_08_03_20_17_59_957.jpg,-0.03529412,1,0,30.19027
D:\Madhav Rajpal\Sem 8 college\CV\Final Assignment\Data\IMG\center_2026_08_03_20_18_00_029.jpg,D:\Madhav Rajpal\Sem 8 college\CV\Final Assignment\Data\IMG\left_2026_08_03_20_18_00_029.jpg,D:\Madhav Rajpal\Sem 8 college\CV\Final Assignment\Data\IMG\right_2026_08_03_20_18_00_029.jpg,-0.03529412,1,0,30.19026
D:\Madhav Rajpal\Sem 8 college\CV\Final Assignment\Data\IMG\center_2026_08_03_20_18_00_097.jpg,D:\Madhav Rajpal\Sem 8 college\CV\Final Assignment\Data\IMG\left_2026_08_03_20_18_00_097.jpg,D:\Madhav Rajpal\Sem 8 college\CV\Final Assignment\Data\IMG\right_2026_08_03_20_18_00_097.jpg,-0.03529412,1,0,30.19026
D:\Madhav Rajpal\Sem 8 college\CV\Final Assignment\Data\IMG\center_2026_08_03_20_18_00_164.jpg,D:\Madhav Rajpal\Sem 8 college\CV\Final Assignment\Data\IMG\left_2026_08_03_20_18_00_164.jpg,D:\Madhav Rajpal\Sem 8 college\CV\Final Assignment\Data\IMG\right_2026_08_03_20_18_00_164.jpg,-0.03529412,1,0,30.19028
D:\Madhav Rajpal\Sem 8 college\CV\Final Assignment\Data\IMG\center_2026_08_03_20_18_00_237.jpg,D:\Madhav Rajpal\Sem 8 college\CV\Final Assignment\Data\IMG\left_2026_08_03_20_18_00_237.jpg,D:\Madhav Rajpal\Sem 8 college\CV\Final Assignment\Data\IMG\right_2026_08_03_20_18_00_237.jpg,-0.03529412,1,0,30.19029
D:\Madhav Rajpal\Sem 8 college\CV\Final Assignment\Data\IMG\center_2026_08_03_20_18_00_308.jpg,D:\Madhav Rajpal\Sem 8 college\CV\Final Assignment\Data\IMG\left_2026_08_03_20_18_00_308.jpg,D:\Madhav Rajpal\Sem 8 college\CV\Final Assignment\Data\IMG\right_2026_08_03_20_18_00_308.jpg,-0.03529412,1,0,30.19032
D:\Madhav Rajpal\Sem 8 college\CV\Final Assignment\Data\IMG\center_2026_08_03_20_18_00_384.jpg,D:\Madhav Rajpal\Sem 8 college\CV\Final Assignment\Data\IMG\left_2026_08_03_20_18_00_384.jpg,D:\Madhav Rajpal\Sem 8 college\CV\Final Assignment\Data\IMG\right_2026_08_03_20_18_00_384.jpg,-0.03529412,1,0,30.19027
D:\Madhav Rajpal\Sem 8 college\CV\Final Assignment\Data\IMG\center_2026_08_03_20_18_00_453.jpg,D:\Madhav Rajpal\Sem 8 college\CV\Final Assignment\Data\IMG\left_2026_08_03_20_18_00_453.jpg,D:\Madhav Rajpal\Sem 8 college\CV\Final Assignment\Data\IMG\right_2026_08_03_20_18_00_453.jpg,-0.03529412,1,0,30.19028
D:\Madhav Rajpal\Sem 8 college\CV\Final Assignment\Data\IMG\center_2026_08_03_20_18_00_522.jpg,D:\Madhav Rajpal\Sem 8 college\CV\Final Assignment\Data\IMG\left_2026_08_03_20_18_00_522.jpg,D:\Madhav Rajpal\Sem 8 college\CV\Final Assignment\Data\IMG\right_2026_08_03_20_18_00_522.jpg,-0.03529412,1,0,30.19029
D:\Madhav Rajpal\Sem 8 college\CV\Final Assignment\Data\IMG\center_2026_08_03_20_18_00_594.jpg,D:\Madhav Rajpal\Sem 8 college\CV\Final Assignment\Data\IMG\left_2026_08_03_20_18_00_594.jpg,D:\Madhav Rajpal\Sem 8 college\CV\Final Assignment\Data\IMG\right_2026_08_03_20_18_00_594.jpg,-0.03529412,1,0,30.19027
D:\Madhav Rajpal\Sem 8 college\CV\Final Assignment\Data\IMG\center_2026_08_03_20_18_00_666.jpg,D:\Madhav Rajpal\Sem 8 college\CV\Final Assignment\Data\IMG\left_2026_08_03_20_18_00_666.jpg,D:\Madhav Rajpal\Sem 8 college\CV\Final Assignment\Data\IMG\right_2026_08_03_20_18_00_666.jpg,-0.03529412,1,0,30.19027
D:\Madhav Rajpal\Sem 8 college\CV\Final Assignment\Data\IMG\center_2026_08_03_20_18_00_733.jpg,D:\Madhav Rajpal\Sem 8 college\CV\Final Assignment\Data\IMG\left_2026_08_03_20_18_00_733.jpg,D:\Madhav Rajpal\Sem 8 college\CV\Final Assignment\Data\IMG\right_2026_08_03_20_18_00_733.jpg,-0.03529412,1,0,30.19026
D:\Madhav Rajpal\Sem 8 college\CV\Final Assignment\Data\IMG\center_2026_08_03_20_18_00_804.jpg,D:\Madhav Rajpal\Sem 8 college\CV\Final Assignment\Data\IMG\left_2026_08_03_20_18_00_804.jpg,D:\Madhav Rajpal\Sem 8 college\CV\Final Assignment\Data\IMG\right_2026_08_03_20_18_00_804.jpg,-0.01764706,1,0,30.19031
D:\Madhav Rajpal\Sem 8 college\CV\Final Assignment\Data\IMG\center_2026_08_03_20_18_00_879.jpg,D:\Madhav Rajpal\Sem 8 college\CV\Final Assignment\Data\IMG\left_2026_08_03_20_18_00_879.jpg,D:\Madhav Rajpal\Sem 8 college\CV\Final Assignment\Data\IMG\right_2026_08_03_20_18_00_879.jpg,0.01176471,1,0,30.19013
D:\Madhav Rajpal\Sem 8 college\CV\Final Assignment\Data\IMG\center_2026_08_03_20_18_00_952.jpg,D:\Madhav Rajpal\Sem 8 college\CV\Final Assignment\Data\IMG\left_2026_08_03_20_18_00_952.jpg,D:\Madhav Rajpal\Sem 8 college\CV\Final Assignment\Data\IMG\right_2026_08_03_20_18_00_952.jpg,0.01176471,1,0,30.19025
D:\Madhav Rajpal\Sem 8 college\CV\Final Assignment\Data\IMG\center_2026_08_03_20_18_01_026.jpg,D:\Madhav Rajpal\Sem 8 college\CV\Final Assignment\Data\IMG\left_2026_08_03_20_18_01_026.jpg,D:\Madhav Rajpal\Sem 8 college\CV\Final Assignment\Data\IMG\right_2026_08_03_20_18_01_026.jpg,0.01176471,1,0,30.16674
D:\Madhav Rajpal\Sem 8 college\CV\Final Assignment\Data\IMG\center_2026_08_03_20_18_01_099.jpg,D:\Madhav Rajpal\Sem 8 college\CV\Final Assignment\Data\IMG\left_2026_08_03_20_18_01_099.jpg,D:\Madhav Rajpal\Sem 8 college\CV\Final Assignment\Data\IMG\right_2026_08_03_20_18_01_099.jpg,0.01176471,1,0,30.17842
D:\Madhav Rajpal\Sem 8 college\CV\Final Assignment\Data\IMG\center_2026_08_03_20_18_01_172.jpg,D:\Madhav Rajpal\Sem 8 college\CV\Final Assignment\Data\IMG\left_2026_08_03_20_18_01_172.jpg,D:\Madhav Rajpal\Sem 8 college\CV\Final Assignment\Data\IMG\right_2026_08_03_20_18_01_172.jpg,0.01176471,1,0,30.06981
D:\Madhav Rajpal\Sem 8 college\CV\Final Assignment\Data\IMG\center_2026_08_03_20_18_01_247.jpg,D:\Madhav Rajpal\Sem 8 college\CV\Final Assignment\Data\IMG\left_2026_08_03_20_18_01_247.jpg,D:\Madhav Rajpal\Sem 8 college\CV\Final Assignment\Data\IMG\right_2026_08_03_20_18_01_247.jpg,0.01176471,1,0,30.18615
D:\Madhav Rajpal\Sem 8 college\CV\Final Assignment\Data\IMG\center_2026_08_03_20_18_01_319.jpg,D:\Madhav Rajpal\Sem 8 college\CV\Final Assignment\Data\IMG\left_2026_08_03_20_18_01_319.jpg,D:\Madhav Rajpal\Sem 8 college\CV\Final Assignment\Data\IMG\right_2026_08_03_20_18_01_319.jpg,0.01176471,1,0,30.18853
D:\Madhav Rajpal\Sem 8 college\CV\Final Assignment\Data\IMG\center_2026_08_03_20_18_01_391.jpg,D:\Madhav Rajpal\Sem 8 college\CV\Final Assignment\Data\IMG\left_2026_08_03_20_18_01_391.jpg,D:\Madhav Rajpal\Sem 8 college\CV\Final Assignment\Data\IMG\right_2026_08_03_20_18_01_391.jpg,0.01176471,1,0,30.18917
D:\Madhav Rajpal\Sem 8 college\CV\Final Assignment\Data\IMG\center_2026_08_03_20_18_01_458.jpg,D:\Madhav Rajpal\Sem 8 college\CV\Final Assignment\Data\IMG\left_2026_08_03_20_18_01_458.jpg,D:\Madhav Rajpal\Sem 8 college\CV\Final Assignment\Data\IMG\right_2026_08_03_20_18_01_458.jpg,0.01176471,1,0,30.18953
D:\Madhav Rajpal\Sem 8 college\CV\Final Assignment\Data\IMG\center_2026_08_03_20_18_01_534.jpg,D:\Madhav Rajpal\Sem 8 college\CV\Final Assignment\Data\IMG\left_2026_08_03_20_18_01_534.jpg,D:\Madhav Rajpal\Sem 8 college\CV\Final Assignment\Data\IMG\right_2026_08_03_20_18_01_534.jpg,0.01176471,1,0,30.18978
D:\Madhav Rajpal\Sem 8 college\CV\Final Assignment\Data\IMG\center_2026_08_03_20_18_01_601.jpg,D:\Madhav Rajpal\Sem 8 college\CV\Final Assignment\Data\IMG\left_2026_08_03_20_18_01_601.jpg,D:\Madhav Rajpal\Sem 8 college\CV\Final Assignment\Data\IMG\right_2026_08_03_20_18_01_601.jpg,0.01176471,1,0,30.18981
D:\Madhav Rajpal\Sem 8 college\CV\Final Assignment\Data\IMG\center_2026_08_03_20_18_01_668.jpg,D:\Madhav Rajpal\Sem 8 college\CV\Final Assignment\Data\IMG\left_2026_08_03_20_18_01_668.jpg,D:\Madhav Rajpal\Sem 8 college\CV\Final Assignment\Data\IMG\right_2026_08_03_20_18_01_668.jpg,0.01176471,1,0,30.18985
D:\Madhav Rajpal\Sem 8 college\CV\Final Assignment\Data\IMG\center_2026_08_03_20_18_01_746.jpg,D:\Madhav Rajpal\Sem 8 college\CV\Final Assignment\Data\IMG\left_2026_08_03_20_18_01_746.jpg,D:\Madhav Rajpal\Sem 8 college\CV\Final Assignment\Data\IMG\right_2026_08_03_20_18_01_746.jpg,0.01176471,1,0,30.18987
D:\Madhav Rajpal\Sem 8 college\CV\Final Assignment\Data\IMG\center_2026_08_03_20_18_01_823.jpg,D:\Madhav Rajpal\Sem 8 college\CV\Final Assignment\Data\IMG\left_2026_08_03_20_18_01_823.jpg,D:\Madhav Rajpal\Sem 8 college\CV\Final Assignment\Data\IMG\right_2026_08_03_20_18_01_823.jpg,0.01176471,1,0,30.18985
D:\Madhav Rajpal\Sem 8 college\CV\Final Assignment\Data\IMG\center_2026_08_03_20_18_01_892.jpg,D:\Madhav Rajpal\Sem 8 college\CV\Final Assignment\Data\IMG\left_2026_08_03_20_18_01_892.jpg,D:\Madhav Rajpal\Sem 8 college\CV\Final Assignment\Data\IMG\right_2026_08_03_20_18_01_892.jpg,0.01176471,1,0,30.18984
D:\Madhav Rajpal\Sem 8 college\CV\Final Assignment\Data\IMG\center_2026_08_03_20_18_01_960.jpg,D:\Madhav Rajpal\Sem 8 college\CV\Final Assignment\Data\IMG\left_2026_08_03_20_18_01_960.jpg,D:\Madhav Rajpal\Sem 8 college\CV\Final Assignment\Data\IMG\right_2026_08_03_20_18_01_960.jpg,0.01176471,1,0,30.18987
D:\Madhav Rajpal\Sem 8 college\CV\Final Assignment\Data\IMG\center_2026_08_03_20_18_02_036.jpg,D:\Madhav Rajpal\Sem 8 college\CV\Final Assignment\Data\IMG\left_2026_08_03_20_18_02_036.jpg,D:\Madhav Rajpal\Sem 8 college\CV\Final Assignment\Data\IMG\right_2026_08_03_20_18_02_036.jpg,-0.005882353,1,0,30.18982
D:\Madhav Rajpal\Sem 8 college\CV\Final Assignment\Data\IMG\center_2026_08_03_20_18_02_112.jpg,D:\Madhav Rajpal\Sem 8 college\CV\Final Assignment\Data\IMG\left_2026_08_03_20_18_02_112.jpg,D:\Madhav Rajpal\Sem 8 college\CV\Final Assignment\Data\IMG\right_2026_08_03_20_18_02_112.jpg,-0.02941176,1,0,30.18963
D:\Madhav Rajpal\Sem 8 college\CV\Final Assignment\Data\IMG\center_2026_08_03_20_18_02_188.jpg,D:\Madhav Rajpal\Sem 8 college\CV\Final Assignment\Data\IMG\left_2026_08_03_20_18_02_188.jpg,D:\Madhav Rajpal\Sem 8 college\CV\Final Assignment\Data\IMG\right_2026_08_03_20_18_02_188.jpg,-0.04117647,1,0,30.18955
D:\Madhav Rajpal\Sem 8 college\CV\Final Assignment\Data\IMG\center_2026_08_03_20_18_02_264.jpg,D:\Madhav Rajpal\Sem 8 college\CV\Final Assignment\Data\IMG\left_2026_08_03_20_18_02_264.jpg,D:\Madhav Rajpal\Sem 8 college\CV\Final Assignment\Data\IMG\right_2026_08_03_20_18_02_264.jpg,-0.04117647,1,0,30.18969
D:\Madhav Rajpal\Sem 8 college\CV\Final Assignment\Data\IMG\center_2026_08_03_20_18_02_331.jpg,D:\Madhav Rajpal\Sem 8 college\CV\Final Assignment\Data\IMG\left_2026_08_03_20_18_02_331.jpg,D:\Madhav Rajpal\Sem 8 college\CV\Final Assignment\Data\IMG\right_2026_08_03_20_18_02_331.jpg,-0.04117647,1,0,30.18977
D:\Madhav Rajpal\Sem 8 college\CV\Final Assignment\Data\IMG\center_2026_08_03_20_18_02_411.jpg,D:\Madhav Rajpal\Sem 8 college\CV\Final Assignment\Data\IMG\left_2026_08_03_20_18_02_411.jpg,D:\Madhav Rajpal\Sem 8 college\CV\Final Assignment\Data\IMG\right_2026_08_03_20_18_02_411.jpg,-0.04117647,1,0,30.1898
D:\Madhav Rajpal\Sem 8 college\CV\Final Assignment\Data\IMG\center_2026_08_03_20_18_02_483.jpg,D:\Madhav Rajpal\Sem 8 college\CV\Final Assignment\Data\IMG\left_2026_08_03_20_18_02_483.jpg,D:\Madhav Rajpal\Sem 8 college\CV\Final Assignment\Data\IMG\right_2026_08_03_20_18_02_483.jpg,-0.04117647,1,0,30.18982
D:\Madhav Rajpal\Sem 8 college\CV\Final Assignment\Data\IMG\center_2026_08_03_20_18_02_552.jpg,D:\Madhav Rajpal\Sem 8 college\CV\Final Assignment\Data\IMG\left_2026_08_03_20_18_02_552.jpg,D:\Madhav Rajpal\Sem 8 college\CV\Final Assignment\Data\IMG\right_2026_08_03_20_18_02_552.jpg,-0.04117647,1,0,30.18987
D:\Madhav Rajpal\Sem 8 college\CV\Final Assignment\Data\IMG\center_2026_08_03_20_18_02_622.jpg,D:\Madhav Rajpal\Sem 8 college\CV\Final Assignment\Data\IMG\left_2026_08_03_20_18_02_622.jpg,D:\Madhav Rajpal\Sem 8 college\CV\Final Assignment\Data\IMG\right_2026_08_03_20_18_02_622.jpg,-0.04117647,1,0,30.18987
D:\Madhav Rajpal\Sem 8 college\CV\Final Assignment\Data\IMG\center_2026_08_03_20_18_02_695.jpg,D:\Madhav Rajpal\Sem 8 college\CV\Final Assignment\Data\IMG\left_2026_08_03_20_18_02_695.jpg,D:\Madhav Rajpal\Sem 8 college\CV\Final Assignment\Data\IMG\right_2026_08_03_20_18_02_695.jpg,-0.01764706,1,0,30.18999
D:\Madhav Rajpal\Sem 8 college\CV\Final Assignment\Data\IMG\center_2026_08_03_20_18_02_770.jpg,D:\Madhav Rajpal\Sem 8 college\CV\Final Assignment\Data\IMG\left_2026_08_03_20_18_02_770.jpg,D:\Madhav Rajpal\Sem 8 college\CV\Final Assignment\Data\IMG\right_2026_08_03_20_18_02_770.jpg,-0.01176471,1,0,30.18995
D:\Madhav Rajpal\Sem 8 college\CV\Final Assignment\Data\IMG\center_2026_08_03_20_18_02_843.jpg,D:\Madhav Rajpal\Sem 8 college\CV\Final Assignment\Data\IMG\left_2026_08_03_20_18_02_843.jpg,D:\Madhav Rajpal\Sem 8 college\CV\Final Assignment\Data\IMG\right_2026_08_03_20_18_02_843.jpg,-0.01176471,1,0,30.18996
D:\Madhav Rajpal\Sem 8 college\CV\Final Assignment\Data\IMG\center_2026_08_03_20_18_02_922.jpg,D:\Madhav Rajpal\Sem 8 college\CV\Final Assignment\Data\IMG\left_2026_08_03_20_18_02_922.jpg,D:\Madhav Rajpal\Sem 8 college\CV\Final Assignment\Data\IMG\right_2026_08_03_20_18_02_922.jpg,-0.01176471,1,0,30.18997
D:\Madhav Rajpal\Sem 8 college\CV\Final Assignment\Data\IMG\center_2026_08_03_20_18_02_990.jpg,D:\Madhav Rajpal\Sem 8 college\CV\Final Assignment\Data\IMG\left_2026_08_03_20_18_02_990.jpg,D:\Madhav Rajpal\Sem 8 college\CV\Final Assignment\Data\IMG\right_2026_08_03_20_18_02_990.jpg,-0.01176471,1,0,30.18996
D:\Madhav Rajpal\Sem 8 college\CV\Final Assignment\Data\IMG\center_2026_08_03_20_18_03_063.jpg,D:\Madhav Rajpal\Sem 8 college\CV\Final Assignment\Data\IMG\left_2026_08_03_20_18_03_063.jpg,D:\Madhav Rajpal\Sem 8 college\CV\Final Assignment\Data\IMG\right_2026_08_03_20_18_03_063.jpg,-0.01176471,1,0,30.18995
D:\Madhav Rajpal\Sem 8 college\CV\Final Assignment\Data\IMG\center_2026_08_03_20_18_03_132.jpg,D:\Madhav Rajpal\Sem 8 college\CV\Final Assignment\Data\IMG\left_2026_08_03_20_18_03_132.jpg,D:\Madhav Rajpal\Sem 8 college\CV\Final Assignment\Data\IMG\right_2026_08_03_20_18_03_132.jpg,-0.01176471,1,0,30.18996
D:\Madhav Rajpal\Sem 8 college\CV\Final Assignment\Data\IMG\center_2026_08_03_20_18_03_199.jpg,D:\Madhav Rajpal\Sem 8 college\CV\Final Assignment\Data\IMG\left_2026_08_03_20_18_03_199.jpg,D:\Madhav Rajpal\Sem 8 college\CV\Final Assignment\Data\IMG\right_2026_08_03_20_18_03_199.jpg,-0.005882353,1,0,30.18997
D:\Madhav Rajpal\Sem 8 college\CV\Final Assignment\Data\IMG\center_2026_08_03_20_18_03_270.jpg,D:\Madhav Rajpal\Sem 8 college\CV\Final Assignment\Data\IMG\left_2026_08_03_20_18_03_270.jpg,D:\Madhav Rajpal\Sem 8 college\CV\Final Assignment\Data\IMG\right_2026_08_03_20_18_03_270.jpg,0,1,0,30.18996
D:\Madhav Rajpal\Sem 8 college\CV\Final Assignment\Data\IMG\center_2026_08_03_20_18_03_344.jpg,D:\Madhav Rajpal\Sem 8 college\CV\Final Assignment\Data\IMG\left_2026_08_03_20_18_03_344.jpg,D:\Madhav Rajpal\Sem 8 college\CV\Final Assignment\Data\IMG\right_2026_08_03_20_18_03_344.jpg,0.005882353,1,0,30.18993
D:\Madhav Rajpal\Sem 8 college\CV\Final Assignment\Data\IMG\center_2026_08_03_20_18_03_417.jpg,D:\Madhav Rajpal\Sem 8 college\CV\Final Assignment\Data\IMG\left_2026_08_03_20_18_03_417.jpg,D:\Madhav Rajpal\Sem 8 college\CV\Final Assignment\Data\IMG\right_2026_08_03_20_18_03_417.jpg,0.005882353,1,0,30.18994
D:\Madhav Rajpal\Sem 8 college\CV\Final Assignment\Data\IMG\center_2026_08_03_20_18_03_490.jpg,D:\Madhav Rajpal\Sem 8 college\CV\Final Assignment\Data\IMG\left_2026_08_03_20_18_03_490.jpg,D:\Madhav Rajpal\Sem 8 college\CV\Final Assignment\Data\IMG\right_2026_08_03_20_18_03_490.jpg,0.01176471,1,0,30.18992
D:\Madhav Rajpal\Sem 8 college\CV\Final Assignment\Data\IMG\center_2026_08_03_20_18_03_565.jpg,D:\Madhav Rajpal\Sem 8 college\CV\Final Assignment\Data\IMG\left_2026_08_03_20_18_03_565.jpg,D:\Madhav Rajpal\Sem 8 college\CV\Final Assignment\Data\IMG\right_2026_08_03_20_18_03_565.jpg,0.01176471,1,0,30.18992
D:\Madhav Rajpal\Sem 8 college\CV\Final Assignment\Data\IMG\center_2026_08_03_20_18_03_641.jpg,D:\Madhav Rajpal\Sem 8 college\CV\Final Assignment\Data\IMG\left_2026_08_03_20_18_03_641.jpg,D:\Madhav Rajpal\Sem 8 college\CV\Final Assignment\Data\IMG\right_2026_08_03_20_18_03_641.jpg,0.01176471,1,0,30.18996
D:\Madhav Rajpal\Sem 8 college\CV\Final Assignment\Data\IMG\center_2026_08_03_20_18_03_717.jpg,D:\Madhav Rajpal\Sem 8 college\CV\Final Assignment\Data\IMG\left_2026_08_03_20_18_03_717.jpg,D:\Madhav Rajpal\Sem 8 college\CV\Final Assignment\Data\IMG\right_2026_08_03_20_18_03_717.jpg,0.01176471,1,0,30.18995
D:\Madhav Rajpal\Sem 8 college\CV\Final Assignment\Data\IMG\center_2026_08_03_20_18_03_788.jpg,D:\Madhav Rajpal\Sem 8 college\CV\Final Assignment\Data\IMG\left_2026_08_03_20_18_03_788.jpg,D:\Madhav Rajpal\Sem 8 college\CV\Final Assignment\Data\IMG\right_2026_08_03_20_18_03_788.jpg,0.01176471,1,0,30.18993
D:\Madhav Rajpal\Sem 8 college\CV\Final Assignment\Data\IMG\center_2026_08_03_20_18_03_860.jpg,D:\Madhav Rajpal\Sem 8 college\CV\Final Assignment\Data\IMG\left_2026_08_03_20_18_03_860.jpg,D:\Madhav Rajpal\Sem 8 college\CV\Final Assignment\Data\IMG\right_2026_08_03_20_18_03_860.jpg,0.01176471,1,0,30.18995
D:\Madhav Rajpal\Sem 8 college\CV\Final Assignment\Data\IMG\center_2026_08_03_20_18_03_932.jpg,D:\Madhav Rajpal\Sem 8 college\CV\Final Assignment\Data\IMG\left_2026_08_03_20_18_03_932.jpg,D:\Madhav Rajpal\Sem 8 college\CV\Final Assignment\Data\IMG\right_2026_08_03_20_18_03_932.jpg,0.01176471,1,0,30.18993
D:\Madhav Rajpal\Sem 8 college\CV\Final Assignment\Data\IMG\center_2026_08_03_20_18_04_006.jpg,D:\Madhav Rajpal\Sem 8 college\CV\Final Assignment\Data\IMG\left_2026_08_03_20_18_04_006.jpg,D:\Madhav Rajpal\Sem 8 college\CV\Final Assignment\Data\IMG\right_2026_08_03_20_18_04_006.jpg,0.01176471,1,0,30.18993
D:\Madhav Rajpal\Sem 8 college\CV\Final Assignment\Data\IMG\center_2026_08_03_20_18_04_084.jpg,D:\Madhav Rajpal\Sem 8 college\CV\Final Assignment\Data\IMG\left_2026_08_03_20_18_04_084.jpg,D:\Madhav Rajpal\Sem 8 college\CV\Final Assignment\Data\IMG\right_2026_08_03_20_18_04_084.jpg,0.01176471,1,0,30.18994
D:\Madhav Rajpal\Sem 8 college\CV\Final Assignment\Data\IMG\center_2026_08_03_20_18_04_164.jpg,D:\Madhav Rajpal\Sem 8 college\CV\Final Assignment\Data\IMG\left_2026_08_03_20_18_04_164.jpg,D:\Madhav Rajpal\Sem 8 college\CV\Final Assignment\Data\IMG\right_2026_08_03_20_18_04_164.jpg,0.01176471,1,0,30.18991
D:\Madhav Rajpal\Sem 8 college\CV\Final Assignment\Data\IMG\center_2026_08_03_20_18_04_239.jpg,D:\Madhav Rajpal\Sem 8 college\CV\Final Assignment\Data\IMG\left_2026_08_03_20_18_04_239.jpg,D:\Madhav Rajpal\Sem 8 college\CV\Final Assignment\Data\IMG\right_2026_08_03_20_18_04_239.jpg,0.01176471,1,0,30.18992
D:\Madhav Rajpal\Sem 8 college\CV\Final Assignment\Data\IMG\center_2026_08_03_20_18_04_313.jpg,D:\Madhav Rajpal\Sem 8 college\CV\Final Assignment\Data\IMG\left_2026_08_03_20_18_04_313.jpg,D:\Madhav Rajpal\Sem 8 college\CV\Final Assignment\Data\IMG\right_2026_08_03_20_18_04_313.jpg,0.01176471,1,0,30.18993
D:\Madhav Rajpal\Sem 8 college\CV\Final Assignment\Data\IMG\center_2026_08_03_20_18_04_393.jpg,D:\Madhav Rajpal\Sem 8 college\CV\Final Assignment\Data\IMG\left_2026_08_03_20_18_04_393.jpg,D:\Madhav Rajpal\Sem 8 college\CV\Final Assignment\Data\IMG\right_2026_08_03_20_18_04_393.jpg,0.01176471,1,0,30.18992
D:\Madhav Rajpal\Sem 8 college\CV\Final Assignment\Data\IMG\center_2026_08_03_20_18_04_466.jpg,D:\Madhav Rajpal\Sem 8 college\CV\Final Assignment\Data\IMG\left_2026_08_03_20_18_04_466.jpg,D:\Madhav Rajpal\Sem 8 college\CV\Final Assignment\Data\IMG\right_2026_08_03_20_18_04_466.jpg,0.01176471,1,0,30.18991
D:\Madhav Rajpal\Sem 8 college\CV\Final Assignment\Data\IMG\center_2026_08_03_20_18_04_535.jpg,D:\Madhav Rajpal\Sem 8 college\CV\Final Assignment\Data\IMG\left_2026_08_03_20_18_04_535.jpg,D:\Madhav Rajpal\Sem 8 college\CV\Final Assignment\Data\IMG\right_2026_08_03_20_18_04_535.jpg,0.01176471,1,0,30.18991
D:\Madhav Rajpal\Sem 8 college\CV\Final Assignment\Data\IMG\center_2026_08_03_20_18_04_610.jpg,D:\Madhav Rajpal\Sem 8 college\CV\Final Assignment\Data\IMG\left_2026_08_03_20_18_04_610.jpg,D:\Madhav Rajpal\Sem 8 college\CV\Final Assignment\Data\IMG\right_2026_08_03_20_18_04_610.jpg,0.01176471,1,0,30.18991
D:\Madhav Rajpal\Sem 8 college\CV\Final Assignment\Data\IMG\center_2026_08_03_20_18_04_683.jpg,D:\Madhav Rajpal\Sem 8 college\CV\Final Assignment\Data\IMG\left_2026_08_03_20_18_04_683.jpg,D:\Madhav Rajpal\Sem 8 college\CV\Final Assignment\Data\IMG\right_2026_08_03_20_18_04_683.jpg,-0.03529412,1,0,30.18954
D:\Madhav Rajpal\Sem 8 college\CV\Final Assignment\Data\IMG\center_2026_08_03_20_18_04_754.jpg,D:\Madhav Rajpal\Sem 8 college\CV\Final Assignment\Data\IMG\left_2026_08_03_20_18_04_754.jpg,D:\Madhav Rajpal\Sem 8 college\CV\Final Assignment\Data\IMG\right_2026_08_03_20_18_04_754.jpg,-0.04117647,1,0,30.18962
D:\Madhav Rajpal\Sem 8 college\CV\Final Assignment\Data\IMG\center_2026_08_03_20_18_04_830.jpg,D:\Madhav Rajpal\Sem 8 college\CV\Final Assignment\Data\IMG\left_2026_08_03_20_18_04_830.jpg,D:\Madhav Rajpal\Sem 8 college\CV\Final Assignment\Data\IMG\right_2026_08_03_20_18_04_830.jpg,-0.04117647,1,0,30.18971
D:\Madhav Rajpal\Sem 8 college\CV\Final Assignment\Data\IMG\center_2026_08_03_20_18_04_901.jpg,D:\Madhav Rajpal\Sem 8 college\CV\Final Assignment\Data\IMG\left_2026_08_03_20_18_04_901.jpg,D:\Madhav Rajpal\Sem 8 college\CV\Final Assignment\Data\IMG\right_2026_08_03_20_18_04_901.jpg,-0.04117647,1,0,30.1898
D:\Madhav Rajpal\Sem 8 college\CV\Final Assignment\Data\IMG\center_2026_08_03_20_18_04_984.jpg,D:\Madhav Rajpal\Sem 8 college\CV\Final Assignment\Data\IMG\left_2026_08_03_20_18_04_984.jpg,D:\Madhav Rajpal\Sem 8 college\CV\Final Assignment\Data\IMG\right_2026_08_03_20_18_04_984.jpg,-0.04117647,1,0,30.18984
D:\Madhav Rajpal\Sem 8 college\CV\Final Assignment\Data\IMG\center_2026_08_03_20_18_05_060.jpg,D:\Madhav Rajpal\Sem 8 college\CV\Final Assignment\Data\IMG\left_2026_08_03_20_18_05_060.jpg,D:\Madhav Rajpal\Sem 8 college\CV\Final Assignment\Data\IMG\right_2026_08_03_20_18_05_060.jpg,-0.04117647,1,0,30.18988
D:\Madhav Rajpal\Sem 8 college\CV\Final Assignment\Data\IMG\center_2026_08_03_20_18_05_127.jpg,D:\Madhav Rajpal\Sem 8 college\CV\Final Assignment\Data\IMG\left_2026_08_03_20_18_05_127.jpg,D:\Madhav Rajpal\Sem 8 college\CV\Final Assignment\Data\IMG\right_2026_08_03_20_18_05_127.jpg,-0.04117647,1,0,30.18992
D:\Madhav Rajpal\Sem 8 college\CV\Final Assignment\Data\IMG\center_2026_08_03_20_18_05_194.jpg,D:\Madhav Rajpal\Sem 8 college\CV\Final Assignment\Data\IMG\left_2026_08_03_20_18_05_194.jpg,D:\Madhav Rajpal\Sem 8 college\CV\Final Assignment\Data\IMG\right_2026_08_03_20_18_05_194.jpg,-0.04117647,1,0,30.18992
D:\Madhav Rajpal\Sem 8 college\CV\Final Assignment\Data\IMG\center_2026_08_03_20_18_05_263.jpg,D:\Madhav Rajpal\Sem 8 college\CV\Final Assignment\Data\IMG\left_2026_08_03_20_18_05_263.jpg,D:\Madhav Rajpal\Sem 8 college\CV\Final Assignment\Data\IMG\right_2026_08_03_20_18_05_263.jpg,-0.04117647,1,0,30.18995
D:\Madhav Rajpal\Sem 8 college\CV\Final Assignment\Data\IMG\center_2026_08_03_20_18_05_336.jpg,D:\Madhav Rajpal\Sem 8 college\CV\Final Assignment\Data\IMG\left_2026_08_03_20_18_05_336.jpg,D:\Madhav Rajpal\Sem 8 college\CV\Final Assignment\Data\IMG\right_2026_08_03_20_18_05_336.jpg,-0.01764706,1,0,30.19005
D:\Madhav Rajpal\Sem 8 college\CV\Final Assignment\Data\IMG\center_2026_08_03_20_18_05_406.jpg,D:\Madhav Rajpal\Sem 8 college\CV\Final Assignment\Data\IMG\left_2026_08_03_20_18_05_406.jpg,D:\Madhav Rajpal\Sem 8 college\CV\Final Assignment\Data\IMG\right_2026_08_03_20_18_05_406.jpg,-0.005882353,1,0,30.18997
D:\Madhav Rajpal\Sem 8 college\CV\Final Assignment\Data\IMG\center_2026_08_03_20_18_05_485.jpg,D:\Madhav Rajpal\Sem 8 college\CV\Final Assignment\Data\IMG\left_2026_08_03_20_18_05_485.jpg,D:\Madhav Rajpal\Sem 8 college\CV\Final Assignment\Data\IMG\right_2026_08_03_20_18_05_485.jpg,-0.005882353,1,0,30.19
D:\Madhav Rajpal\Sem 8 college\CV\Final Assignment\Data\IMG\center_2026_08_03_20_18_05_558.jpg,D:\Madhav Rajpal\Sem 8 college\CV\Final Assignment\Data\IMG\left_2026_08_03_20_18_05_558.jpg,D:\Madhav Rajpal\Sem 8 college\CV\Final Assignment\Data\IMG\right_2026_08_03_20_18_05_558.jpg,-0.005882353,1,0,30.19001
D:\Madhav Rajpal\Sem 8 college\CV\Final Assignment\Data\IMG\center_2026_08_03_20_18_05_632.jpg,D:\Madhav Rajpal\Sem 8 college\CV\Final Assignment\Data\IMG\left_2026_08_03_20_18_05_632.jpg,D:\Madhav Rajpal\Sem 8 college\CV\Final Assignment\Data\IMG\right_2026_08_03_20_18_05_632.jpg,-0.005882353,1,0,30.19002
D:\Madhav Rajpal\Sem 8 college\CV\Final Assignment\Data\IMG\center_2026_08_03_20_18_05_703.jpg,D:\Madhav Rajpal\Sem 8 college\CV\Final Assignment\Data\IMG\left_2026_08_03_20_18_05_703.jpg,D:\Madhav Rajpal\Sem 8 college\CV\Final Assignment\Data\IMG\right_2026_08_03_20_18_05_703.jpg,-0.005882353,1,0,30.19
D:\Madhav Rajpal\Sem 8 college\CV\Final Assignment\Data\IMG\center_2026_08_03_20_18_05_779.jpg,D:\Madhav Rajpal\Sem 8 college\CV\Final Assignment\Data\IMG\left_2026_08_03_20_18_05_779.jpg,D:\Madhav Rajpal\Sem 8 college\CV\Final Assignment\Data\IMG\right_2026_08_03_20_18_05_779.jpg,-0.005882353,1,0,30.19001
D:\Madhav Rajpal\Sem 8 college\CV\Final Assignment\Data\IMG\center_2026_08_03_20_18_05_854.jpg,D:\Madhav Rajpal\Sem 8 college\CV\Final Assignment\Data\IMG\left_2026_08_03_20_18_05_854.jpg,D:\Madhav Rajpal\Sem 8 college\CV\Final Assignment\Data\IMG\right_2026_08_03_20_18_05_854.jpg,-0.005882353,1,0,30.19001
D:\Madhav Rajpal\Sem 8 college\CV\Final Assignment\Data\IMG\center_2026_08_03_20_18_05_932.jpg,D:\Madhav Rajpal\Sem 8 college\CV\Final Assignment\Data\IMG\left_2026_08_03_20_18_05_932.jpg,D:\Madhav Rajpal\Sem 8 college\CV\Final Assignment\Data\IMG\right_2026_08_03_20_18_05_932.jpg,-0.005882353,1,0,30.19002
D:\Madhav Rajpal\Sem 8 college\CV\Final Assignment\Data\IMG\center_2026_08_03_20_18_06_012.jpg,D:\Madhav Rajpal\Sem 8 college\CV\Final Assignment\Data\IMG\left_2026_08_03_20_18_06_012.jpg,D:\Madhav Rajpal\Sem 8 college\CV\Final Assignment\Data\IMG\right_2026_08_03_20_18_06_012.jpg,-0.005882353,1,0,30.19002
D:\Madhav Rajpal\Sem 8 college\CV\Final Assignment\Data\IMG\center_2026_08_03_20_18_06_089.jpg,D:\Madhav Rajpal\Sem 8 college\CV\Final Assignment\Data\IMG\left_2026_08_03_20_18_06_089.jpg,D:\Madhav Rajpal\Sem 8 college\CV\Final Assignment\Data\IMG\right_2026_08_03_20_18_06_089.jpg,-0.005882353,1,0,30.19002
D:\Madhav Rajpal\Sem 8 college\CV\Final Assignment\Data\IMG\center_2026_08_03_20_18_06_161.jpg,D:\Madhav Rajpal\Sem 8 college\CV\Final Assignment\Data\IMG\left_2026_08_03_20_18_06_161.jpg,D:\Madhav Rajpal\Sem 8 college\CV\Final Assignment\Data\IMG\right_2026_08_03_20_18_06_161.jpg,-0.005882353,1,0,30.19002
D:\Madhav Rajpal\Sem 8 college\CV\Final Assignment\Data\IMG\center_2026_08_03_20_18_06_233.jpg,D:\Madhav Rajpal\Sem 8 college\CV\Final Assignment\Data\IMG\left_2026_08_03_20_18_06_233.jpg,D:\Madhav Rajpal\Sem 8 college\CV\Final Assignment\Data\IMG\right_2026_08_03_20_18_06_233.jpg,-0.005882353,1,0,30.19003
D:\Madhav Rajpal\Sem 8 college\CV\Final Assignment\Data\IMG\center_2026_08_03_20_18_06_305.jpg,D:\Madhav Rajpal\Sem 8 college\CV\Final Assignment\Data\IMG\left_2026_08_03_20_18_06_305.jpg,D:\Madhav Rajpal\Sem 8 college\CV\Final Assignment\Data\IMG\right_2026_08_03_20_18_06_305.jpg,0,1,0,30.19001
D:\Madhav Rajpal\Sem 8 college\CV\Final Assignment\Data\IMG\center_2026_08_03_20_18_06_377.jpg,D:\Madhav Rajpal\Sem 8 college\CV\Final Assignment\Data\IMG\left_2026_08_03_20_18_06_377.jpg,D:\Madhav Rajpal\Sem 8 college\CV\Final Assignment\Data\IMG\right_2026_08_03_20_18_06_377.jpg,0,1,0,30.19003
D:\Madhav Rajpal\Sem 8 college\CV\Final Assignment\Data\IMG\center_2026_08_03_20_18_06_452.jpg,D:\Madhav Rajpal\Sem 8 college\CV\Final Assignment\Data\IMG\left_2026_08_03_20_18_06_452.jpg,D:\Madhav Rajpal\Sem 8 college\CV\Final Assignment\Data\IMG\right_2026_08_03_20_18_06_452.jpg,0,1,0,30.19002
D:\Madhav Rajpal\Sem 8 college\CV\Final Assignment\Data\IMG\center_2026_08_03_20_18_06_525.jpg,D:\Madhav Rajpal\Sem 8 college\CV\Final Assignment\Data\IMG\left_2026_08_03_20_18_06_525.jpg,D:\Madhav Rajpal\Sem 8 college\CV\Final Assignment\Data\IMG\right_2026_08_03_20_18_06_525.jpg,0,1,0,30.19001
D:\Madhav Rajpal\Sem 8 college\CV\Final Assignment\Data\IMG\center_2026_08_03_20_18_06_599.jpg,D:\Madhav Rajpal\Sem 8 college\CV\Final Assignment\Data\IMG\left_2026_08_03_20_18_06_599.jpg,D:\Madhav Rajpal\Sem 8 college\CV\Final Assignment\Data\IMG\right_2026_08_03_20_18_06_599.jpg,0.005882353,1,0,30.19001
D:\Madhav Rajpal\Sem 8 college\CV\Final Assignment\Data\IMG\center_2026_08_03_20_18_06_677.jpg,D:\Madhav Rajpal\Sem 8 college\CV\Final Assignment\Data\IMG\left_2026_08_03_20_18_06_677.jpg,D:\Madhav Rajpal\Sem 8 college\CV\Final Assignment\Data\IMG\right_2026_08_03_20_18_06_677.jpg,0.01176471,1,0,30.18999
D:\Madhav Rajpal\Sem 8 college\CV\Final Assignment\Data\IMG\center_2026_08_03_20_18_06_751.jpg,D:\Madhav Rajpal\Sem 8 college\CV\Final Assignment\Data\IMG\left_2026_08_03_20_18_06_751.jpg,D:\Madhav Rajpal\Sem 8 college\CV\Final Assignment\Data\IMG\right_2026_08_03_20_18_06_751.jpg,0.01176471,1,0,30.19001
D:\Madhav Rajpal\Sem 8 college\CV\Final Assignment\Data\IMG\center_2026_08_03_20_18_06_824.jpg,D:\Madhav Rajpal\Sem 8 college\CV\Final Assignment\Data\IMG\left_2026_08_03_20_18_06_824.jpg,D:\Madhav Rajpal\Sem 8 college\CV\Final Assignment\Data\IMG\right_2026_08_03_20_18_06_824.jpg,0.01176471,1,0,30.18999
D:\Madhav Rajpal\Sem 8 college\CV\Final Assignment\Data\IMG\center_2026_08_03_20_18_06_899.jpg,D:\Madhav Rajpal\Sem 8 college\CV\Final Assignment\Data\IMG\left_2026_08_03_20_18_06_899.jpg,D:\Madhav Rajpal\Sem 8 college\CV\Final Assignment\Data\IMG\right_2026_08_03_20_18_06_899.jpg,0.01176471,1,0,30.19
D:\Madhav Rajpal\Sem 8 college\CV\Final Assignment\Data\IMG\center_2026_08_03_20_18_06_966.jpg,D:\Madhav Rajpal\Sem 8 college\CV\Final Assignment\Data\IMG\left_2026_08_03_20_18_06_966.jpg,D:\Madhav Rajpal\Sem 8 college\CV\Final Assignment\Data\IMG\right_2026_08_03_20_18_06_966.jpg,0.01176471,1,0,30.19001
D:\Madhav Rajpal\Sem 8 college\CV\Final Assignment\Data\IMG\center_2026_08_03_20_18_07_038.jpg,D:\Madhav Rajpal\Sem 8 college\CV\Final Assignment\Data\IMG\left_2026_08_03_20_18_07_038.jpg,D:\Madhav Rajpal\Sem 8 college\CV\Final Assignment\Data\IMG\right_2026_08_03_20_18_07_038.jpg,0.01176471,1,0,30.19
D:\Madhav Rajpal\Sem 8 college\CV\Final Assignment\Data\IMG\center_2026_08_03_20_18_07_114.jpg,D:\Madhav Rajpal\Sem 8 college\CV\Final Assignment\Data\IMG\left_2026_08_03_20_18_07_114.jpg,D:\Madhav Rajpal\Sem 8 college\CV\Final Assignment\Data\IMG\right_2026_08_03_20_18_07_114.jpg,0.01176471,1,0,30.19001
D:\Madhav Rajpal\Sem 8 college\CV\Final Assignment\Data\IMG\center_2026_08_03_20_18_07_182.jpg,D:\Madhav Rajpal\Sem 8 college\CV\Final Assignment\Data\IMG\left_2026_08_03_20_18_07_182.jpg,D:\Madhav Rajpal\Sem 8 college\CV\Final Assignment\Data\IMG\right_2026_08_03_20_18_07_182.jpg,0.01176471,1,0,30.18999
D:\Madhav Rajpal\Sem 8 college\CV\Final Assignment\Data\IMG\center_2026_08_03_20_18_07_261.jpg,D:\Madhav Rajpal\Sem 8 college\CV\Final Assignment\Data\IMG\left_2026_08_03_20_18_07_261.jpg,D:\Madhav Rajpal\Sem 8 college\CV\Final Assignment\Data\IMG\right_2026_08_03_20_18_07_261.jpg,0.01176471,1,0,30.18999
D:\Madhav Rajpal\Sem 8 college\CV\Final Assignment\Data\IMG\center_2026_08_03_20_18_07_336.jpg,D:\Madhav Rajpal\Sem 8 college\CV\Final Assignment\Data\IMG\left_2026_08_03_20_18_07_336.jpg,D:\Madhav Rajpal\Sem 8 college\CV\Final Assignment\Data\IMG\right_2026_08_03_20_18_07_336.jpg,0.01176471,1,0,30.18998
D:\Madhav Rajpal\Sem 8 college\CV\Final Assignment\Data\IMG\center_2026_08_03_20_18_07_403.jpg,D:\Madhav Rajpal\Sem 8 college\CV\Final Assignment\Data\IMG\left_2026_08_03_20_18_07_403.jpg,D:\Madhav Rajpal\Sem 8 college\CV\Final Assignment\Data\IMG\right_2026_08_03_20_18_07_403.jpg,0.01176471,1,0,30.18998
D:\Madhav Rajpal\Sem 8 college\CV\Final Assignment\Data\IMG\center_2026_08_03_20_18_07_473.jpg,D:\Madhav Rajpal\Sem 8 college\CV\Final Assignment\Data\IMG\left_2026_08_03_20_18_07_473.jpg,D:\Madhav Rajpal\Sem 8 college\CV\Final Assignment\Data\IMG\right_2026_08_03_20_18_07_473.jpg,0.01176471,1,0,30.19
D:\Madhav Rajpal\Sem 8 college\CV\Final Assignment\Data\IMG\center_2026_08_03_20_18_07_544.jpg,D:\Madhav Rajpal\Sem 8 college\CV\Final Assignment\Data\IMG\left_2026_08_03_20_18_07_544.jpg,D:\Madhav Rajpal\Sem 8 college\CV\Final Assignment\Data\IMG\right_2026_08_03_20_18_07_544.jpg,0.01176471,1,0,30.18999
D:\Madhav Rajpal\Sem 8 college\CV\Final Assignment\Data\IMG\center_2026_08_03_20_18_07_620.jpg,D:\Madhav Rajpal\Sem 8 college\CV\Final Assignment\Data\IMG\left_2026_08_03_20_18_07_620.jpg,D:\Madhav Rajpal\Sem 8 college\CV\Final Assignment\Data\IMG\right_2026_08_03_20_18_07_620.jpg,0.01176471,1,0,30.18998
D:\Madhav Rajpal\Sem 8 college\CV\Final Assignment\Data\IMG\center_2026_08_03_20_18_07_689.jpg,D:\Madhav Rajpal\Sem 8 college\CV\Final Assignment\Data\IMG\left_2026_08_03_20_18_07_689.jpg,D:\Madhav Rajpal\Sem 8 college\CV\Final Assignment\Data\IMG\right_2026_08_03_20_18_07_689.jpg,0.01176471,1,0,30.18998
D:\Madhav Rajpal\Sem 8 college\CV\Final Assignment\Data\IMG\center_2026_08_03_20_18_07_766.jpg,D:\Madhav Rajpal\Sem 8 college\CV\Final Assignment\Data\IMG\left_2026_08_03_20_18_07_766.jpg,D:\Madhav Rajpal\Sem 8 college\CV\Final Assignment\Data\IMG\right_2026_08_03_20_18_07_766.jpg,0.01176471,1,0,30.18998
D:\Madhav Rajpal\Sem 8 college\CV\Final Assignment\Data\IMG\center_2026_08_03_20_18_07_847.jpg,D:\Madhav Rajpal\Sem 8 college\CV\Final Assignment\Data\IMG\left_2026_08_03_20_18_07_847.jpg,D:\Madhav Rajpal\Sem 8 college\CV\Final Assignment\Data\IMG\right_2026_08_03_20_18_07_847.jpg,0.01176471,1,0,30.18998
D:\Madhav Rajpal\Sem 8 college\CV\Final Assignment\Data\IMG\center_2026_08_03_20_18_07_920.jpg,D:\Madhav Rajpal\Sem 8 college\CV\Final Assignment\Data\IMG\left_2026_08_03_20_18_07_920.jpg,D:\Madhav Rajpal\Sem 8 college\CV\Final Assignment\Data\IMG\right_2026_08_03_20_18_07_920.jpg,0.01176471,1,0,30.18998
D:\Madhav Rajpal\Sem 8 college\CV\Final Assignment\Data\IMG\center_2026_08_03_20_18_07_987.jpg,D:\Madhav Rajpal\Sem 8 college\CV\Final Assignment\Data\IMG\left_2026_08_03_20_18_07_987.jpg,D:\Madhav Rajpal\Sem 8 college\CV\Final Assignment\Data\IMG\right_2026_08_03_20_18_07_987.jpg,0.01176471,1,0,30.18997
D:\Madhav Rajpal\Sem 8 college\CV\Final Assignment\Data\IMG\center_2026_08_03_20_18_08_065.jpg,D:\Madhav Rajpal\Sem 8 college\CV\Final Assignment\Data\IMG\left_2026_08_03_20_18_08_065.jpg,D:\Madhav Rajpal\Sem 8 college\CV\Final Assignment\Data\IMG\right_2026_08_03_20_18_08_065.jpg,0.01176471,1,0,30.18995
D:\Madhav Rajpal\Sem 8 college\CV\Final Assignment\Data\IMG\center_2026_08_03_20_18_08_144.jpg,D:\Madhav Rajpal\Sem 8 college\CV\Final Assignment\Data\IMG\left_2026_08_03_20_18_08_144.jpg,D:\Madhav Rajpal\Sem 8 college\CV\Final Assignment\Data\IMG\right_2026_08_03_20_18_08_144.jpg,0.01176471,1,0,30.18997
D:\Madhav Rajpal\Sem 8 college\CV\Final Assignment\Data\IMG\center_2026_08_03_20_18_08_221.jpg,D:\Madhav Rajpal\Sem 8 college\CV\Final Assignment\Data\IMG\left_2026_08_03_20_18_08_221.jpg,D:\Madhav Rajpal\Sem 8 college\CV\Final Assignment\Data\IMG\right_2026_08_03_20_18_08_221.jpg,0.01176471,1,0,30.18994
D:\Madhav Rajpal\Sem 8 college\CV\Final Assignment\Data\IMG\center_2026_08_03_20_18_08_300.jpg,D:\Madhav Rajpal\Sem 8 college\CV\Final Assignment\Data\IMG\left_2026_08_03_20_18_08_300.jpg,D:\Madhav Rajpal\Sem 8 college\CV\Final Assignment\Data\IMG\right_2026_08_03_20_18_08_300.jpg,0.01176471,1,0,30.18994
D:\Madhav Rajpal\Sem 8 college\CV\Final Assignment\Data\IMG\center_2026_08_03_20_18_08_381.jpg,D:\Madhav Rajpal\Sem 8 college\CV\Final Assignment\Data\IMG\left_2026_08_03_20_18_08_381.jpg,D:\Madhav Rajpal\Sem 8 college\CV\Final Assignment\Data\IMG\right_2026_08_03_20_18_08_381.jpg,0.01176471,1,0,30.18996
D:\Madhav Rajpal\Sem 8 college\CV\Final Assignment\Data\IMG\center_2026_08_03_20_18_08_459.jpg,D:\Madhav Rajpal\Sem 8 college\CV\Final Assignment\Data\IMG\left_2026_08_03_20_18_08_459.jpg,D:\Madhav Rajpal\Sem 8 college\CV\Final Assignment\Data\IMG\right_2026_08_03_20_18_08_459.jpg,0.01176471,1,0,30.18992
D:\Madhav Rajpal\Sem 8 college\CV\Final Assignment\Data\IMG\center_2026_08_03_20_18_08_529.jpg,D:\Madhav Rajpal\Sem 8 college\CV\Final Assignment\Data\IMG\left_2026_08_03_20_18_08_529.jpg,D:\Madhav Rajpal\Sem 8 college\CV\Final Assignment\Data\IMG\right_2026_08_03_20_18_08_529.jpg,0.01176471,1,0,30.18996
D:\Madhav Rajpal\Sem 8 college\CV\Final Assignment\Data\IMG\center_2026_08_03_20_18_08_608.jpg,D:\Madhav Rajpal\Sem 8 college\CV\Final Assignment\Data\IMG\left_2026_08_03_20_18_08_608.jpg,D:\Madhav Rajpal\Sem 8 college\CV\Final Assignment\Data\IMG\right_2026_08_03_20_18_08_608.jpg,0.01176471,1,0,30.18993
D:\Madhav Rajpal\Sem 8 college\CV\Final Assignment\Data\IMG\center_2026_08_03_20_18_08_687.jpg,D:\Madhav Rajpal\Sem 8 college\CV\Final Assignment\Data\IMG\left_2026_08_03_20_18_08_687.jpg,D:\Madhav Rajpal\Sem 8 college\CV\Final Assignment\Data\IMG\right_2026_08_03_20_18_08_687.jpg,0.01176471,1,0,30.18993
D:\Madhav Rajpal\Sem 8 college\CV\Final Assignment\Data\IMG\center_2026_08_03_20_18_08_754.jpg,D:\Madhav Rajpal\Sem 8 college\CV\Final Assignment\Data\IMG\left_2026_08_03_20_18_08_754.jpg,D:\Madhav Rajpal\Sem 8 college\CV\Final Assignment\Data\IMG\right_2026_08_03_20_18_08_754.jpg,0.01176471,1,0,30.18992
D:\Madhav Rajpal\Sem 8 college\CV\Final Assignment\Data\IMG\center_2026_08_03_20_18_08_831.jpg,D:\Madhav Rajpal\Sem 8 college\CV\Final Assignment\Data\IMG\left_2026_08_03_20_18_08_831.jpg,D:\Madhav Rajpal\Sem 8 college\CV\Final Assignment\Data\IMG\right_2026_08_03_20_18_08_831.jpg,0.01176471,1,0,30.18993
D:\Madhav Rajpal\Sem 8 college\CV\Final Assignment\Data\IMG\center_2026_08_03_20_18_08_916.jpg,D:\Madhav Rajpal\Sem 8 college\CV\Final Assignment\Data\IMG\left_2026_08_03_20_18_08_916.jpg,D:\Madhav Rajpal\Sem 8 college\CV\Final Assignment\Data\IMG\right_2026_08_03_20_18_08_916.jpg,0.01176471,1,0,30.18992
D:\Madhav Rajpal\Sem 8 college\CV\Final Assignment\Data\IMG\center_2026_08_03_20_18_08_995.jpg,D:\Madhav Rajpal\Sem 8 college\CV\Final Assignment\Data\IMG\left_2026_08_03_20_18_08_995.jpg,D:\Madhav Rajpal\Sem 8 college\CV\Final Assignment\Data\IMG\right_2026_08_03_20_18_08_995.jpg,0.01176471,1,0,30.18993
D:\Madhav Rajpal\Sem 8 college\CV\Final Assignment\Data\IMG\center_2026_08_03_20_18_09_066.jpg,D:\Madhav Rajpal\Sem 8 college\CV\Final Assignment\Data\IMG\left_2026_08_03_20_18_09_066.jpg,D:\Madhav Rajpal\Sem 8 college\CV\Final Assignment\Data\IMG\right_2026_08_03_20_18_09_066.jpg,0,1,0,30.06304
D:\Madhav Rajpal\Sem 8 college\CV\Final Assignment\Data\IMG\center_2026_08_03_20_18_09_146.jpg,D:\Madhav Rajpal\Sem 8 college\CV\Final Assignment\Data\IMG\left_2026_08_03_20_18_09_146.jpg,D:\Madhav Rajpal\Sem 8 college\CV\Final Assignment\Data\IMG\right_2026_08_03_20_18_09_146.jpg,-0.01176471,1,0,30.21096
D:\Madhav Rajpal\Sem 8 college\CV\Final Assignment\Data\IMG\center_2026_08_03_20_18_09_216.jpg,D:\Madhav Rajpal\Sem 8 college\CV\Final Assignment\Data\IMG\left_2026_08_03_20_18_09_216.jpg,D:\Madhav Rajpal\Sem 8 college\CV\Final Assignment\Data\IMG\right_2026_08_03_20_18_09_216.jpg,-0.02941176,1,0,30.18058
D:\Madhav Rajpal\Sem 8 college\CV\Final Assignment\Data\IMG\center_2026_08_03_20_18_09_289.jpg,D:\Madhav Rajpal\Sem 8 college\CV\Final Assignment\Data\IMG\left_2026_08_03_20_18_09_289.jpg,D:\Madhav Rajpal\Sem 8 college\CV\Final Assignment\Data\IMG\right_2026_08_03_20_18_09_289.jpg,-0.03529412,1,0,30.07521
D:\Madhav Rajpal\Sem 8 college\CV\Final Assignment\Data\IMG\center_2026_08_03_20_18_09_357.jpg,D:\Madhav Rajpal\Sem 8 college\CV\Final Assignment\Data\IMG\left_2026_08_03_20_18_09_357.jpg,D:\Madhav Rajpal\Sem 8 college\CV\Final Assignment\Data\IMG\right_2026_08_03_20_18_09_357.jpg,-0.04117647,1,0,30.12872
D:\Madhav Rajpal\Sem 8 college\CV\Final Assignment\Data\IMG\center_2026_08_03_20_18_09_430.jpg,D:\Madhav Rajpal\Sem 8 college\CV\Final Assignment\Data\IMG\left_2026_08_03_20_18_09_430.jpg,D:\Madhav Rajpal\Sem 8 college\CV\Final Assignment\Data\IMG\right_2026_08_03_20_18_09_430.jpg,-0.04117647,1,0,30.19013
D:\Madhav Rajpal\Sem 8 college\CV\Final Assignment\Data\IMG\center_2026_08_03_20_18_09_504.jpg,D:\Madhav Rajpal\Sem 8 college\CV\Final Assignment\Data\IMG\left_2026_08_03_20_18_09_504.jpg,D:\Madhav Rajpal\Sem 8 college\CV\Final Assignment\Data\IMG\right_2026_08_03_20_18_09_504.jpg,-0.05294118,1,0,30.18897
D:\Madhav Rajpal\Sem 8 college\CV\Final Assignment\Data\IMG\center_2026_08_03_20_18_09_572.jpg,D:\Madhav Rajpal\Sem 8 college\CV\Final Assignment\Data\IMG\left_2026_08_03_20_18_09_572.jpg,D:\Madhav Rajpal\Sem 8 college\CV\Final Assignment\Data\IMG\right_2026_08_03_20_18_09_572.jpg,-0.05882353,1,0,30.19032
D:\Madhav Rajpal\Sem 8 college\CV\Final Assignment\Data\IMG\center_2026_08_03_20_18_09_649.jpg,D:\Madhav Rajpal\Sem 8 college\CV\Final Assignment\Data\IMG\left_2026_08_03_20_18_09_649.jpg,D:\Madhav Rajpal\Sem 8 college\CV\Final Assignment\Data\IMG\right_2026_08_03_20_18_09_649.jpg,-0.05882353,1,0,30.19041
D:\Madhav Rajpal\Sem 8 college\CV\Final Assignment\Data\IMG\center_2026_08_03_20_18_09_729.jpg,D:\Madhav Rajpal\Sem 8 college\CV\Final Assignment\Data\IMG\left_2026_08_03_20_18_09_729.jpg,D:\Madhav Rajpal\Sem 8 college\CV\Final Assignment\Data\IMG\right_2026_08_03_20_18_09_729.jpg,-0.06470589,1,0,30.19023
D:\Madhav Rajpal\Sem 8 college\CV\Final Assignment\Data\IMG\center_2026_08_03_20_18_09_806.jpg,D:\Madhav Rajpal\Sem 8 college\CV\Final Assignment\Data\IMG\left_2026_08_03_20_18_09_806.jpg,D:\Madhav Rajpal\Sem 8 college\CV\Final Assignment\Data\IMG\right_2026_08_03_20_18_09_806.jpg,-0.06470589,1,0,30.1902
D:\Madhav Rajpal\Sem 8 college\CV\Final Assignment\Data\IMG\center_2026_08_03_20_18_09_877.jpg,D:\Madhav Rajpal\Sem 8 college\CV\Final Assignment\Data\IMG\left_2026_08_03_20_18_09_877.jpg,D:\Madhav Rajpal\Sem 8 college\CV\Final Assignment\Data\IMG\right_2026_08_03_20_18_09_877.jpg,-0.06470589,1,0,30.19021
D:\Madhav Rajpal\Sem 8 college\CV\Final Assignment\Data\IMG\center_2026_08_03_20_18_09_952.jpg,D:\Madhav Rajpal\Sem 8 college\CV\Final Assignment\Data\IMG\left_2026_08_03_20_18_09_952.jpg,D:\Madhav Rajpal\Sem 8 college\CV\Final Assignment\Data\IMG\right_2026_08_03_20_18_09_952.jpg,-0.06470589,1,0,30.19017
D:\Madhav Rajpal\Sem 8 college\CV\Final Assignment\Data\IMG\center_2026_08_03_20_18_10_029.jpg,D:\Madhav Rajpal\Sem 8 college\CV\Final Assignment\Data\IMG\left_2026_08_03_20_18_10_029.jpg,D:\Madhav Rajpal\Sem 8 college\CV\Final Assignment\Data\IMG\right_2026_08_03_20_18_10_029.jpg,-0.06470589,1,0,30.1902
D:\Madhav Rajpal\Sem 8 college\CV\Final Assignment\Data\IMG\center_2026_08_03_20_18_10_109.jpg,D:\Madhav Rajpal\Sem 8 college\CV\Final Assignment\Data\IMG\left_2026_08_03_20_18_10_109.jpg,D:\Madhav Rajpal\Sem 8 college\CV\Final Assignment\Data\IMG\right_2026_08_03_20_18_10_109.jpg,-0.06470589,1,0,30.1902
D:\Madhav Rajpal\Sem 8 college\CV\Final Assignment\Data\IMG\center_2026_08_03_20_18_10_177.jpg,D:\Madhav Rajpal\Sem 8 college\CV\Final Assignment\Data\IMG\left_2026_08_03_20_18_10_177.jpg,D:\Madhav Rajpal\Sem 8 college\CV\Final Assignment\Data\IMG\right_2026_08_03_20_18_10_177.jpg,-0.06470589,1,0,30.19021
D:\Madhav Rajpal\Sem 8 college\CV\Final Assignment\Data\IMG\center_2026_08_03_20_18_10_253.jpg,D:\Madhav Rajpal\Sem 8 college\CV\Final Assignment\Data\IMG\left_2026_08_03_20_18_10_253.jpg,D:\Madhav Rajpal\Sem 8 college\CV\Final Assignment\Data\IMG\right_2026_08_03_20_18_10_253.jpg,-0.06470589,1,0,30.1902
D:\Madhav Rajpal\Sem 8 college\CV\Final Assignment\Data\IMG\center_2026_08_03_20_18_10_320.jpg,D:\Madhav Rajpal\Sem 8 college\CV\Final Assignment\Data\IMG\left_2026_08_03_20_18_10_320.jpg,D:\Madhav Rajpal\Sem 8 college\CV\Final Assignment\Data\IMG\right_2026_08_03_20_18_10_320.jpg,-0.06470589,1,0,30.19031
D:\Madhav Rajpal\Sem 8 college\CV\Final Assignment\Data\IMG\center_2026_08_03_20_18_10_401.jpg,D:\Madhav Rajpal\Sem 8 college\CV\Final Assignment\Data\IMG\left_2026_08_03_20_18_10_401.jpg,D:\Madhav Rajpal\Sem 8 college\CV\Final Assignment\Data\IMG\right_2026_08_03_20_18_10_401.jpg,-0.06470589,1,0,30.19021
D:\Madhav Rajpal\Sem 8 college\CV\Final Assignment\Data\IMG\center_2026_08_03_20_18_10_473.jpg,D:\Madhav Rajpal\Sem 8 college\CV\Final Assignment\Data\IMG\left_2026_08_03_20_18_10_473.jpg,D:\Madhav Rajpal\Sem 8 college\CV\Final Assignment\Data\IMG\right_2026_08_03_20_18_10_473.jpg,-0.06470589,1,0,30.19019
D:\Madhav Rajpal\Sem 8 college\CV\Final Assignment\Data\IMG\center_2026_08_03_20_18_10_551.jpg,D:\Madhav Rajpal\Sem 8 college\CV\Final Assignment\Data\IMG\left_2026_08_03_20_18_10_551.jpg,D:\Madhav Rajpal\Sem 8 college\CV\Final Assignment\Data\IMG\right_2026_08_03_20_18_10_551.jpg,-0.06470589,1,0,30.19018
D:\Madhav Rajpal\Sem 8 college\CV\Final Assignment\Data\IMG\center_2026_08_03_20_18_10_620.jpg,D:\Madhav Rajpal\Sem 8 college\CV\Final Assignment\Data\IMG\left_2026_08_03_20_18_10_620.jpg,D:\Madhav Rajpal\Sem 8 college\CV\Final Assignment\Data\IMG\right_2026_08_03_20_18_10_620.jpg,-0.05882353,1,0,30.19028
D:\Madhav Rajpal\Sem 8 college\CV\Final Assignment\Data\IMG\center_2026_08_03_20_18_10_686.jpg,D:\Madhav Rajpal\Sem 8 college\CV\Final Assignment\Data\IMG\left_2026_08_03_20_18_10_686.jpg,D:\Madhav Rajpal\Sem 8 college\CV\Final Assignment\Data\IMG\right_2026_08_03_20_18_10_686.jpg,-0.03529412,1,0,30.19044
D:\Madhav Rajpal\Sem 8 college\CV\Final Assignment\Data\IMG\center_2026_08_03_20_18_10_761.jpg,D:\Madhav Rajpal\Sem 8 college\CV\Final Assignment\Data\IMG\left_2026_08_03_20_18_10_761.jpg,D:\Madhav Rajpal\Sem 8 college\CV\Final Assignment\Data\IMG\right_2026_08_03_20_18_10_761.jpg,-0.02941176,1,0,30.1904
D:\Madhav Rajpal\Sem 8 college\CV\Final Assignment\Data\IMG\center_2026_08_03_20_18_10_837.jpg,D:\Madhav Rajpal\Sem 8 college\CV\Final Assignment\Data\IMG\left_2026_08_03_20_18_10_837.jpg,D:\Madhav Rajpal\Sem 8 college\CV\Final Assignment\Data\IMG\right_2026_08_03_20_18_10_837.jpg,-0.02352941,1,0,30.19036
D:\Madhav Rajpal\Sem 8 college\CV\Final Assignment\Data\IMG\center_2026_08_03_20_18_10_914.jpg,D:\Madhav Rajpal\Sem 8 college\CV\Final Assignment\Data\IMG\left_2026_08_03_20_18_10_914.jpg,D:\Madhav Rajpal\Sem 8 college\CV\Final Assignment\Data\IMG\right_2026_08_03_20_18_10_914.jpg,-0.02352941,1,0,30.1903
D:\Madhav Rajpal\Sem 8 college\CV\Final Assignment\Data\IMG\center_2026_08_03_20_18_10_991.jpg,D:\Madhav Rajpal\Sem 8 college\CV\Final Assignment\Data\IMG\left_2026_08_03_20_18_10_991.jpg,D:\Madhav Rajpal\Sem 8 college\CV\Final Assignment\Data\IMG\right_2026_08_03_20_18_10_991.jpg,-0.02352941,1,0,30.19031
D:\Madhav Rajpal\Sem 8 college\CV\Final Assignment\Data\IMG\center_2026_08_03_20_18_11_059.jpg,D:\Madhav Rajpal\Sem 8 college\CV\Final Assignment\Data\IMG\left_2026_08_03_20_18_11_059.jpg,D:\Madhav Rajpal\Sem 8 college\CV\Final Assignment\Data\IMG\right_2026_08_03_20_18_11_059.jpg,-0.02352941,1,0,30.1903
D:\Madhav Rajpal\Sem 8 college\CV\Final Assignment\Data\IMG\center_2026_08_03_20_18_11_135.jpg,D:\Madhav Rajpal\Sem 8 college\CV\Final Assignment\Data\IMG\left_2026_08_03_20_18_11_135.jpg,D:\Madhav Rajpal\Sem 8 college\CV\Final Assignment\Data\IMG\right_2026_08_03_20_18_11_135.jpg,-0.02352941,1,0,30.19034
D:\Madhav Rajpal\Sem 8 college\CV\Final Assignment\Data\IMG\center_2026_08_03_20_18_11_210.jpg,D:\Madhav Rajpal\Sem 8 college\CV\Final Assignment\Data\IMG\left_2026_08_03_20_18_11_210.jpg,D:\Madhav Rajpal\Sem 8 college\CV\Final Assignment\Data\IMG\right_2026_08_03_20_18_11_210.jpg,-0.02352941,1,0,30.19028
D:\Madhav Rajpal\Sem 8 college\CV\Final Assignment\Data\IMG\center_2026_08_03_20_18_11_283.jpg,D:\Madhav Rajpal\Sem 8 college\CV\Final Assignment\Data\IMG\left_2026_08_03_20_18_11_283.jpg,D:\Madhav Rajpal\Sem 8 college\CV\Final Assignment\Data\IMG\right_2026_08_03_20_18_11_283.jpg,-0.02352941,1,0,30.1903
D:\Madhav Rajpal\Sem 8 college\CV\Final Assignment\Data\IMG\center_2026_08_03_20_18_11_356.jpg,D:\Madhav Rajpal\Sem 8 college\CV\Final Assignment\Data\IMG\left_2026_08_03_20_18_11_356.jpg,D:\Madhav Rajpal\Sem 8 college\CV\Final Assignment\Data\IMG\right_2026_08_03_20_18_11_356.jpg,-0.02352941,1,0,30.19029
D:\Madhav Rajpal\Sem 8 college\CV\Final Assignment\Data\IMG\center_2026_08_03_20_18_11_427.jpg,D:\Madhav Rajpal\Sem 8 college\CV\Final Assignment\Data\IMG\left_2026_08_03_20_18_11_427.jpg,D:\Madhav Rajpal\Sem 8 college\CV\Final Assignment\Data\IMG\right_2026_08_03_20_18_11_427.jpg,-0.02352941,1,0,30.19029
D:\Madhav Rajpal\Sem 8 college\CV\Final Assignment\Data\IMG\center_2026_08_03_20_18_11_497.jpg,D:\Madhav Rajpal\Sem 8 college\CV\Final Assignment\Data\IMG\left_2026_08_03_20_18_11_497.jpg,D:\Madhav Rajpal\Sem 8 college\CV\Final Assignment\Data\IMG\right_2026_08_03_20_18_11_497.jpg,-0.02352941,1,0,30.19047
D:\Madhav Rajpal\Sem 8 college\CV\Final Assignment\Data\IMG\center_2026_08_03_20_18_11_575.jpg,D:\Madhav Rajpal\Sem 8 college\CV\Final Assignment\Data\IMG\left_2026_08_03_20_18_11_575.jpg,D:\Madhav Rajpal\Sem 8 college\CV\Final Assignment\Data\IMG\right_2026_08_03_20_18_11_575.jpg,-0.03529412,1,0,30.19019
D:\Madhav Rajpal\Sem 8 college\CV\Final Assignment\Data\IMG\center_2026_08_03_20_18_11_652.jpg,D:\Madhav Rajpal\Sem 8 college\CV\Final Assignment\Data\IMG\left_2026_08_03_20_18_11_652.jpg,D:\Madhav Rajpal\Sem 8 college\CV\Final Assignment\Data\IMG\right_2026_08_03_20_18_11_652.jpg,-0.04705882,1,0,30.19005
D:\Madhav Rajpal\Sem 8 college\CV\Final Assignment\Data\IMG\center_2026_08_03_20_18_11_719.jpg,D:\Madhav Rajpal\Sem 8 college\CV\Final Assignment\Data\IMG\left_2026_08_03_20_18_11_719.jpg,D:\Madhav Rajpal\Sem 8 college\CV\Final Assignment\Data\IMG\right_2026_08_03_20_18_11_719.jpg,-0.07058824,1,0,30.18968
D:\Madhav Rajpal\Sem 8 college\CV\Final Assignment\Data\IMG\center_2026_08_03_20_18_11_797.jpg,D:\Madhav Rajpal\Sem 8 college\CV\Final Assignment\Data\IMG\left_2026_08_03_20_18_11_797.jpg,D:\Madhav Rajpal\Sem 8 college\CV\Final Assignment\Data\IMG\right_2026_08_03_20_18_11_797.jpg,-0.09411765,1,0,30.18921
D:\Madhav Rajpal\Sem 8 college\CV\Final Assignment\Data\IMG\center_2026_08_03_20_18_11_868.jpg,D:\Madhav Rajpal\Sem 8 college\CV\Final Assignment\Data\IMG\left_2026_08_03_20_18_11_868.jpg,D:\Madhav Rajpal\Sem 8 college\CV\Final Assignment\Data\IMG\right_2026_08_03_20_18_11_868.jpg,-0.1058824,1,0,30.18915
D:\Madhav Rajpal\Sem 8 college\CV\Final Assignment\Data\IMG\center_2026_08_03_20_18_11_935.jpg,D:\Madhav Rajpal\Sem 8 college\CV\Final Assignment\Data\IMG\left_2026_08_03_20_18_11_935.jpg,D:\Madhav Rajpal\Sem 8 college\CV\Final Assignment\Data\IMG\right_2026_08_03_20_18_11_935.jpg,-0.1117647,1,0,30.18975
D:\Madhav Rajpal\Sem 8 college\CV\Final Assignment\Data\IMG\center_2026_08_03_20_18_12_006.jpg,D:\Madhav Rajpal\Sem 8 college\CV\Final Assignment\Data\IMG\left_2026_08_03_20_18_12_006.jpg,D:\Madhav Rajpal\Sem 8 college\CV\Final Assignment\Data\IMG\right_2026_08_03_20_18_12_006.jpg,-0.1117647,1,0,30.19053
D:\Madhav Rajpal\Sem 8 college\CV\Final Assignment\Data\IMG\center_2026_08_03_20_18_12_079.jpg,D:\Madhav Rajpal\Sem 8 college\CV\Final Assignment\Data\IMG\left_2026_08_03_20_18_12_079.jpg,D:\Madhav Rajpal\Sem 8 college\CV\Final Assignment\Data\IMG\right_2026_08_03_20_18_12_079.jpg,-0.1176471,1,0,30.18962
D:\Madhav Rajpal\Sem 8 college\CV\Final Assignment\Data\IMG\center_2026_08_03_20_18_12_147.jpg,D:\Madhav Rajpal\Sem 8 college\CV\Final Assignment\Data\IMG\left_2026_08_03_20_18_12_147.jpg,D:\Madhav Rajpal\Sem 8 college\CV\Final Assignment\Data\IMG\right_2026_08_03_20_18_12_147.jpg,-0.1176471,1,0,30.18952
D:\Madhav Rajpal\Sem 8 college\CV\Final Assignment\Data\IMG\center_2026_08_03_20_18_12_215.jpg,D:\Madhav Rajpal\Sem 8 college\CV\Final Assignment\Data\IMG\left_2026_08_03_20_18_12_215.jpg,D:\Madhav Rajpal\Sem 8 college\CV\Final Assignment\Data\IMG\right_2026_08_03_20_18_12_215.jpg,-0.1176471,1,0,30.19011
D:\Madhav Rajpal\Sem 8 college\CV\Final Assignment\Data\IMG\center_2026_08_03_20_18_12_282.jpg,D:\Madhav Rajpal\Sem 8 college\CV\Final Assignment\Data\IMG\left_2026_08_03_20_18_12_282.jpg,D:\Madhav Rajpal\Sem 8 college\CV\Final Assignment\Data\IMG\right_2026_08_03_20_18_12_282.jpg,-0.1176471,1,0,30.18983
D:\Madhav Rajpal\Sem 8 college\CV\Final Assignment\Data\IMG\center_2026_08_03_20_18_12_351.jpg,D:\Madhav Rajpal\Sem 8 college\CV\Final Assignment\Data\IMG\left_2026_08_03_20_18_12_351.jpg,D:\Madhav Rajpal\Sem 8 college\CV\Final Assignment\Data\IMG\right_2026_08_03_20_18_12_351.jpg,-0.1176471,1,0,30.18972
D:\Madhav Rajpal\Sem 8 college\CV\Final Assignment\Data\IMG\center_2026_08_03_20_18_12_422.jpg,D:\Madhav Rajpal\Sem 8 college\CV\Final Assignment\Data\IMG\left_2026_08_03_20_18_12_422.jpg,D:\Madhav Rajpal\Sem 8 college\CV\Final Assignment\Data\IMG\right_2026_08_03_20_18_12_422.jpg,-0.1176471,1,0,30.18904
D:\Madhav Rajpal\Sem 8 college\CV\Final Assignment\Data\IMG\center_2026_08_03_20_18_12_493.jpg,D:\Madhav Rajpal\Sem 8 college\CV\Final Assignment\Data\IMG\left_2026_08_03_20_18_12_493.jpg,D:\Madhav Rajpal\Sem 8 college\CV\Final Assignment\Data\IMG\right_2026_08_03_20_18_12_493.jpg,-0.1176471,1,0,30.19004
D:\Madhav Rajpal\Sem 8 college\CV\Final Assignment\Data\IMG\center_2026_08_03_20_18_12_569.jpg,D:\Madhav Rajpal\Sem 8 college\CV\Final Assignment\Data\IMG\left_2026_08_03_20_18_12_569.jpg,D:\Madhav Rajpal\Sem 8 college\CV\Final Assignment\Data\IMG\right_2026_08_03_20_18_12_569.jpg,-0.1176471,1,0,30.18979
D:\Madhav Rajpal\Sem 8 college\CV\Final Assignment\Data\IMG\center_2026_08_03_20_18_12_645.jpg,D:\Madhav Rajpal\Sem 8 college\CV\Final Assignment\Data\IMG\left_2026_08_03_20_18_12_645.jpg,D:\Madhav Rajpal\Sem 8 college\CV\Final Assignment\Data\IMG\right_2026_08_03_20_18_12_645.jpg,-0.1294118,1,0,30.18812
D:\Madhav Rajpal\Sem 8 college\CV\Final Assignment\Data\IMG\center_2026_08_03_20_18_12_719.jpg,D:\Madhav Rajpal\Sem 8 college\CV\Final Assignment\Data\IMG\left_2026_08_03_20_18_12_719.jpg,D:\Madhav Rajpal\Sem 8 college\CV\Final Assignment\Data\IMG\right_2026_08_03_20_18_12_719.jpg,-0.1705882,1,0,30.18787
D:\Madhav Rajpal\Sem 8 college\CV\Final Assignment\Data\IMG\center_2026_08_03_20_18_12_796.jpg,D:\Madhav Rajpal\Sem 8 college\CV\Final Assignment\Data\IMG\left_2026_08_03_20_18_12_796.jpg,D:\Madhav Rajpal\Sem 8 college\CV\Final Assignment\Data\IMG\right_2026_08_03_20_18_12_796.jpg,-0.1882353,1,0,30.18734
D:\Madhav Rajpal\Sem 8 college\CV\Final Assignment\Data\IMG\center_2026_08_03_20_18_12_871.jpg,D:\Madhav Rajpal\Sem 8 college\CV\Final Assignment\Data\IMG\left_2026_08_03_20_18_12_871.jpg,D:\Madhav Rajpal\Sem 8 college\CV\Final Assignment\Data\IMG\right_2026_08_03_20_18_12_871.jpg,-0.2,1,0,30.1879
D:\Madhav Rajpal\Sem 8 college\CV\Final Assignment\Data\IMG\center_2026_08_03_20_18_12_945.jpg,D:\Madhav Rajpal\Sem 8 college\CV\Final Assignment\Data\IMG\left_2026_08_03_20_18_12_945.jpg,D:\Madhav Rajpal\Sem 8 college\CV\Final Assignment\Data\IMG\right_2026_08_03_20_18_12_945.jpg,-0.2117647,1,0,30.18739
D:\Madhav Rajpal\Sem 8 college\CV\Final Assignment\Data\IMG\center_2026_08_03_20_18_13_022.jpg,D:\Madhav Rajpal\Sem 8 college\CV\Final Assignment\Data\IMG\left_2026_08_03_20_18_13_022.jpg,D:\Madhav Rajpal\Sem 8 college\CV\Final Assignment\Data\IMG\right_2026_08_03_20_18_13_022.jpg,-0.2294118,1,0,30.18673
D:\Madhav Rajpal\Sem 8 college\CV\Final Assignment\Data\IMG\center_2026_08_03_20_18_13_092.jpg,D:\Madhav Rajpal\Sem 8 college\CV\Final Assignment\Data\IMG\left_2026_08_03_20_18_13_092.jpg,D:\Madhav Rajpal\Sem 8 college\CV\Final Assignment\Data\IMG\right_2026_08_03_20_18_13_092.jpg,-0.2352941,1,0,30.1876
D:\Madhav Rajpal\Sem 8 college\CV\Final Assignment\Data\IMG\center_2026_08_03_20_18_13_168.jpg,D:\Madhav Rajpal\Sem 8 college\CV\Final Assignment\Data\IMG\left_2026_08_03_20_18_13_168.jpg,D:\Madhav Rajpal\Sem 8 college\CV\Final Assignment\Data\IMG\right_2026_08_03_20_18_13_168.jpg,-0.2352941,1,0,30.18775
D:\Madhav Rajpal\Sem 8 college\CV\Final Assignment\Data\IMG\center_2026_08_03_20_18_13_242.jpg,D:\Madhav Rajpal\Sem 8 college\CV\Final Assignment\Data\IMG\left_2026_08_03_20_18_13_242.jpg,D:\Madhav Rajpal\Sem 8 college\CV\Final Assignment\Data\IMG\right_2026_08_03_20_18_13_242.jpg,-0.2352941,1,0,30.18842
D:\Madhav Rajpal\Sem 8 college\CV\Final Assignment\Data\IMG\center_2026_08_03_20_18_13_318.jpg,D:\Madhav Rajpal\Sem 8 college\CV\Final Assignment\Data\IMG\left_2026_08_03_20_18_13_318.jpg,D:\Madhav Rajpal\Sem 8 college\CV\Final Assignment\Data\IMG\right_2026_08_03_20_18_13_318.jpg,-0.2352941,1,0,30.18836
D:\Madhav Rajpal\Sem 8 college\CV\Final Assignment\Data\IMG\center_2026_08_03_20_18_13_387.jpg,D:\Madhav Rajpal\Sem 8 college\CV\Final Assignment\Data\IMG\left_2026_08_03_20_18_13_387.jpg,D:\Madhav Rajpal\Sem 8 college\CV\Final Assignment\Data\IMG\right_2026_08_03_20_18_13_387.jpg,-0.2352941,1,0,30.18825
D:\Madhav Rajpal\Sem 8 college\CV\Final Assignment\Data\IMG\center_2026_08_03_20_18_13_465.jpg,D:\Madhav Rajpal\Sem 8 college\CV\Final Assignment\Data\IMG\left_2026_08_03_20_18_13_465.jpg,D:\Madhav Rajpal\Sem 8 college\CV\Final Assignment\Data\IMG\right_2026_08_03_20_18_13_465.jpg,-0.2352941,1,0,30.18892
D:\Madhav Rajpal\Sem 8 college\CV\Final Assignment\Data\IMG\center_2026_08_03_20_18_13_545.jpg,D:\Madhav Rajpal\Sem 8 college\CV\Final Assignment\Data\IMG\left_2026_08_03_20_18_13_545.jpg,D:\Madhav Rajpal\Sem 8 college\CV\Final Assignment\Data\IMG\right_2026_08_03_20_18_13_545.jpg,-0.2352941,1,0,30.18993
D:\Madhav Rajpal\Sem 8 college\CV\Final Assignment\Data\IMG\center_2026_08_03_20_18_13_614.jpg,D:\Madhav Rajpal\Sem 8 college\CV\Final Assignment\Data\IMG\left_2026_08_03_20_18_13_614.jpg,D:\Madhav Rajpal\Sem 8 college\CV\Final Assignment\Data\IMG\right_2026_08_03_20_18_13_614.jpg,-0.2235294,1,0,30.18938
D:\Madhav Rajpal\Sem 8 college\CV\Final Assignment\Data\IMG\center_2026_08_03_20_18_13_685.jpg,D:\Madhav Rajpal\Sem 8 college\CV\Final Assignment\Data\IMG\left_2026_08_03_20_18_13_685.jpg,D:\Madhav Rajpal\Sem 8 college\CV\Final Assignment\Data\IMG\right_2026_08_03_20_18_13_685.jpg,-0.2235294,1,0,30.18891
D:\Madhav Rajpal\Sem 8 college\CV\Final Assignment\Data\IMG\center_2026_08_03_20_18_13_753.jpg,D:\Madhav Rajpal\Sem 8 college\CV\Final Assignment\Data\IMG\left_2026_08_03_20_18_13_753.jpg,D:\Madhav Rajpal\Sem 8 college\CV\Final Assignment\Data\IMG\right_2026_08_03_20_18_13_753.jpg,-0.2235294,1,0,30.18718
D:\Madhav Rajpal\Sem 8 college\CV\Final Assignment\Data\IMG\center_2026_08_03_20_18_13_823.jpg,D:\Madhav Rajpal\Sem 8 college\CV\Final Assignment\Data\IMG\left_2026_08_03_20_18_13_823.jpg,D:\Madhav Rajpal\Sem 8 college\CV\Final Assignment\Data\IMG\right_2026_08_03_20_18_13_823.jpg,-0.2235294,1,0,30.18442
D:\Madhav Rajpal\Sem 8 college\CV\Final Assignment\Data\IMG\center_2026_08_03_20_18_13_902.jpg,D:\Madhav Rajpal\Sem 8 college\CV\Final Assignment\Data\IMG\left_2026_08_03_20_18_13_902.jpg,D:\Madhav Rajpal\Sem 8 college\CV\Final Assignment\Data\IMG\right_2026_08_03_20_18_13_902.jpg,-0.2235294,1,0,30.18895
D:\Madhav Rajpal\Sem 8 college\CV\Final Assignment\Data\IMG\center_2026_08_03_20_18_13_970.jpg,D:\Madhav Rajpal\Sem 8 college\CV\Final Assignment\Data\IMG\left_2026_08_03_20_18_13_970.jpg,D:\Madhav Rajpal\Sem 8 college\CV\Final Assignment\Data\IMG\right_2026_08_03_20_18_13_970.jpg,-0.2235294,1,0,30.18755
D:\Madhav Rajpal\Sem 8 college\CV\Final Assignment\Data\IMG\center_2026_08_03_20_18_14_046.jpg,D:\Madhav Rajpal\Sem 8 college\CV\Final Assignment\Data\IMG\left_2026_08_03_20_18_14_046.jpg,D:\Madhav Rajpal\Sem 8 college\CV\Final Assignment\Data\IMG\right_2026_08_03_20_18_14_046.jpg,-0.1764706,1,0,30.18395
D:\Madhav Rajpal\Sem 8 college\CV\Final Assignment\Data\IMG\center_2026_08_03_20_18_14_113.jpg,D:\Madhav Rajpal\Sem 8 college\CV\Final Assignment\Data\IMG\left_2026_08_03_20_18_14_113.jpg,D:\Madhav Rajpal\Sem 8 college\CV\Final Assignment\Data\IMG\right_2026_08_03_20_18_14_113.jpg,-0.1176471,1,0,30.19561
D:\Madhav Rajpal\Sem 8 college\CV\Final Assignment\Data\IMG\center_2026_08_03_20_18_14_189.jpg,D:\Madhav Rajpal\Sem 8 college\CV\Final Assignment\Data\IMG\left_2026_08_03_20_18_14_189.jpg,D:\Madhav Rajpal\Sem 8 college\CV\Final Assignment\Data\IMG\right_2026_08_03_20_18_14_189.jpg,-0.09411765,1,0,30.19151
D:\Madhav Rajpal\Sem 8 college\CV\Final Assignment\Data\IMG\center_2026_08_03_20_18_14_267.jpg,D:\Madhav Rajpal\Sem 8 college\CV\Final Assignment\Data\IMG\left_2026_08_03_20_18_14_267.jpg,D:\Madhav Rajpal\Sem 8 college\CV\Final Assignment\Data\IMG\right_2026_08_03_20_18_14_267.jpg,-0.09411765,1,0,30.19009
D:\Madhav Rajpal\Sem 8 college\CV\Final Assignment\Data\IMG\center_2026_08_03_20_18_14_345.jpg,D:\Madhav Rajpal\Sem 8 college\CV\Final Assignment\Data\IMG\left_2026_08_03_20_18_14_345.jpg,D:\Madhav Rajpal\Sem 8 college\CV\Final Assignment\Data\IMG\right_2026_08_03_20_18_14_345.jpg,-0.09411765,1,0,30.1937
D:\Madhav Rajpal\Sem 8 college\CV\Final Assignment\Data\IMG\center_2026_08_03_20_18_14_419.jpg,D:\Madhav Rajpal\Sem 8 college\CV\Final Assignment\Data\IMG\left_2026_08_03_20_18_14_419.jpg,D:\Madhav Rajpal\Sem 8 college\CV\Final Assignment\Data\IMG\right_2026_08_03_20_18_14_419.jpg,-0.09411765,1,0,30.19242
D:\Madhav Rajpal\Sem 8 college\CV\Final Assignment\Data\IMG\center_2026_08_03_20_18_14_495.jpg,D:\Madhav Rajpal\Sem 8 college\CV\Final Assignment\Data\IMG\left_2026_08_03_20_18_14_495.jpg,D:\Madhav Rajpal\Sem 8 college\CV\Final Assignment\Data\IMG\right_2026_08_03_20_18_14_495.jpg,-0.09411765,1,0,30.19076
D:\Madhav Rajpal\Sem 8 college\CV\Final Assignment\Data\IMG\center_2026_08_03_20_18_14_565.jpg,D:\Madhav Rajpal\Sem 8 college\CV\Final Assignment\Data\IMG\left_2026_08_03_20_18_14_565.jpg,D:\Madhav Rajpal\Sem 8 college\CV\Final Assignment\Data\IMG\right_2026_08_03_20_18_14_565.jpg,-0.09411765,1,0,30.19049
D:\Madhav Rajpal\Sem 8 college\CV\Final Assignment\Data\IMG\center_2026_08_03_20_18_14_646.jpg,D:\Madhav Rajpal\Sem 8 college\CV\Final Assignment\Data\IMG\left_2026_08_03_20_18_14_646.jpg,D:\Madhav Rajpal\Sem 8 college\CV\Final Assignment\Data\IMG\right_2026_08_03_20_18_14_646.jpg,-0.1235294,1,0,30.18937
D:\Madhav Rajpal\Sem 8 college\CV\Final Assignment\Data\IMG\center_2026_08_03_20_18_14_720.jpg,D:\Madhav Rajpal\Sem 8 college\CV\Final Assignment\Data\IMG\left_2026_08_03_20_18_14_720.jpg,D:\Madhav Rajpal\Sem 8 college\CV\Final Assignment\Data\IMG\right_2026_08_03_20_18_14_720.jpg,-0.1647059,1,0,30.19079
D:\Madhav Rajpal\Sem 8 college\CV\Final Assignment\Data\IMG\center_2026_08_03_20_18_14_800.jpg,D:\Madhav Rajpal\Sem 8 college\CV\Final Assignment\Data\IMG\left_2026_08_03_20_18_14_800.jpg,D:\Madhav Rajpal\Sem 8 college\CV\Final Assignment\Data\IMG\right_2026_08_03_20_18_14_800.jpg,-0.1882353,1,0,30.18763
D:\Madhav Rajpal\Sem 8 college\CV\Final Assignment\Data\IMG\center_2026_08_03_20_18_14_877.jpg,D:\Madhav Rajpal\Sem 8 college\CV\Final Assignment\Data\IMG\left_2026_08_03_20_18_14_877.jpg,D:\Madhav Rajpal\Sem 8 college\CV\Final Assignment\Data\IMG\right_2026_08_03_20_18_14_877.jpg,-0.2176471,1,0,30.18513
D:\Madhav Rajpal\Sem 8 college\CV\Final Assignment\Data\IMG\center_2026_08_03_20_18_14_950.jpg,D:\Madhav Rajpal\Sem 8 college\CV\Final Assignment\Data\IMG\left_2026_08_03_20_18_14_950.jpg,D:\Madhav Rajpal\Sem 8 college\CV\Final Assignment\Data\IMG\right_2026_08_03_20_18_14_950.jpg,-0.2470588,1,0,30.18603
D:\Madhav Rajpal\Sem 8 college\CV\Final Assignment\Data\IMG\center_2026_08_03_20_18_15_021.jpg,D:\Madhav Rajpal\Sem 8 college\CV\Final Assignment\Data\IMG\left_2026_08_03_20_18_15_021.jpg,D:\Madhav Rajpal\Sem 8 college\CV\Final Assignment\Data\IMG\right_2026_08_03_20_18_15_021.jpg,-0.3,1,0,30.18245
D:\Madhav Rajpal\Sem 8 college\CV\Final Assignment\Data\IMG\center_2026_08_03_20_18_15_092.jpg,D:\Madhav Rajpal\Sem 8 college\CV\Final Assignment\Data\IMG\left_2026_08_03_20_18_15_092.jpg,D:\Madhav Rajpal\Sem 8 college\CV\Final Assignment\Data\IMG\right_2026_08_03_20_18_15_092.jpg,-0.3,1,0,30.18535
D:\Madhav Rajpal\Sem 8 college\CV\Final Assignment\Data\IMG\center_2026_08_03_20_18_15_164.jpg,D:\Madhav Rajpal\Sem 8 college\CV\Final Assignment\Data\IMG\left_2026_08_03_20_18_15_164.jpg,D:\Madhav Rajpal\Sem 8 college\CV\Final Assignment\Data\IMG\right_2026_08_03_20_18_15_164.jpg,-0.3,1,0,30.18585
D:\Madhav Rajpal\Sem 8 college\CV\Final Assignment\Data\IMG\center_2026_08_03_20_18_15_240.jpg,D:\Madhav Rajpal\Sem 8 college\CV\Final Assignment\Data\IMG\left_2026_08_03_20_18_15_240.jpg,D:\Madhav Rajpal\Sem 8 college\CV\Final Assignment\Data\IMG\right_2026_08_03_20_18_15_240.jpg,-0.3,1,0,30.18541
D:\Madhav Rajpal\Sem 8 college\CV\Final Assignment\Data\IMG\center_2026_08_03_20_18_15_315.jpg,D:\Madhav Rajpal\Sem 8 college\CV\Final Assignment\Data\IMG\left_2026_08_03_20_18_15_315.jpg,D:\Madhav Rajpal\Sem 8 college\CV\Final Assignment\Data\IMG\right_2026_08_03_20_18_15_315.jpg,-0.3,1,0,30.1873
D:\Madhav Rajpal\Sem 8 college\CV\Final Assignment\Data\IMG\center_2026_08_03_20_18_15_385.jpg,D:\Madhav Rajpal\Sem 8 college\CV\Final Assignment\Data\IMG\left_2026_08_03_20_18_15_385.jpg,D:\Madhav Rajpal\Sem 8 college\CV\Final Assignment\Data\IMG\right_2026_08_03_20_18_15_385.jpg,-0.3,1,0,30.18759
D:\Madhav Rajpal\Sem 8 college\CV\Final Assignment\Data\IMG\center_2026_08_03_20_18_15_463.jpg,D:\Madhav Rajpal\Sem 8 college\CV\Final Assignment\Data\IMG\left_2026_08_03_20_18_15_463.jpg,D:\Madhav Rajpal\Sem 8 college\CV\Final Assignment\Data\IMG\right_2026_08_03_20_18_15_463.jpg,-0.2352941,1,0,30.1916
D:\Madhav Rajpal\Sem 8 college\CV\Final Assignment\Data\IMG\center_2026_08_03_20_18_15_540.jpg,D:\Madhav Rajpal\Sem 8 college\CV\Final Assignment\Data\IMG\left_2026_08_03_20_18_15_540.jpg,D:\Madhav Rajpal\Sem 8 college\CV\Final Assignment\Data\IMG\right_2026_08_03_20_18_15_540.jpg,-0.09411765,1,0,30.19316
D:\Madhav Rajpal\Sem 8 college\CV\Final Assignment\Data\IMG\center_2026_08_03_20_18_15_618.jpg,D:\Madhav Rajpal\Sem 8 college\CV\Final Assignment\Data\IMG\left_2026_08_03_20_18_15_618.jpg,D:\Madhav Rajpal\Sem 8 college\CV\Final Assignment\Data\IMG\right_2026_08_03_20_18_15_618.jpg,-0.08823529,1,0,30.1915
D:\Madhav Rajpal\Sem 8 college\CV\Final Assignment\Data\IMG\center_2026_08_03_20_18_15_695.jpg,D:\Madhav Rajpal\Sem 8 college\CV\Final Assignment\Data\IMG\left_2026_08_03_20_18_15_695.jpg,D:\Madhav Rajpal\Sem 8 college\CV\Final Assignment\Data\IMG\right_2026_08_03_20_18_15_695.jpg,-0.08823529,1,0,30.19135
D:\Madhav Rajpal\Sem 8 college\CV\Final Assignment\Data\IMG\center_2026_08_03_20_18_15_772.jpg,D:\Madhav Rajpal\Sem 8 college\CV\Final Assignment\Data\IMG\left_2026_08_03_20_18_15_772.jpg,D:\Madhav Rajpal\Sem 8 college\CV\Final Assignment\Data\IMG\right_2026_08_03_20_18_15_772.jpg,-0.08823529,1,0,30.19064
D:\Madhav Rajpal\Sem 8 college\CV\Final Assignment\Data\IMG\center_2026_08_03_20_18_15_849.jpg,D:\Madhav Rajpal\Sem 8 college\CV\Final Assignment\Data\IMG\left_2026_08_03_20_18_15_849.jpg,D:\Madhav Rajpal\Sem 8 college\CV\Final Assignment\Data\IMG\right_2026_08_03_20_18_15_849.jpg,-0.08823529,1,0,30.18966
D:\Madhav Rajpal\Sem 8 college\CV\Final Assignment\Data\IMG\center_2026_08_03_20_18_15_926.jpg,D:\Madhav Rajpal\Sem 8 college\CV\Final Assignment\Data\IMG\left_2026_08_03_20_18_15_926.jpg,D:\Madhav Rajpal\Sem 8 college\CV\Final Assignment\Data\IMG\right_2026_08_03_20_18_15_926.jpg,-0.08823529,1,0,30.19043
D:\Madhav Rajpal\Sem 8 college\CV\Final Assignment\Data\IMG\center_2026_08_03_20_18_15_995.jpg,D:\Madhav Rajpal\Sem 8 college\CV\Final Assignment\Data\IMG\left_2026_08_03_20_18_15_995.jpg,D:\Madhav Rajpal\Sem 8 college\CV\Final Assignment\Data\IMG\right_2026_08_03_20_18_15_995.jpg,-0.08823529,1,0,30.18934
D:\Madhav Rajpal\Sem 8 college\CV\Final Assignment\Data\IMG\center_2026_08_03_20_18_16_064.jpg,D:\Madhav Rajpal\Sem 8 college\CV\Final Assignment\Data\IMG\left_2026_08_03_20_18_16_064.jpg,D:\Madhav Rajpal\Sem 8 college\CV\Final Assignment\Data\IMG\right_2026_08_03_20_18_16_064.jpg,-0.08823529,1,0,30.19025
D:\Madhav Rajpal\Sem 8 college\CV\Final Assignment\Data\IMG\center_2026_08_03_20_18_16_137.jpg,D:\Madhav Rajpal\Sem 8 college\CV\Final Assignment\Data\IMG\left_2026_08_03_20_18_16_137.jpg,D:\Madhav Rajpal\Sem 8 college\CV\Final Assignment\Data\IMG\right_2026_08_03_20_18_16_137.jpg,-0.08823529,1,0,30.19002
D:\Madhav Rajpal\Sem 8 college\CV\Final Assignment\Data\IMG\center_2026_08_03_20_18_16_211.jpg,D:\Madhav Rajpal\Sem 8 college\CV\Final Assignment\Data\IMG\left_2026_08_03_20_18_16_211.jpg,D:\Madhav Rajpal\Sem 8 college\CV\Final Assignment\Data\IMG\right_2026_08_03_20_18_16_211.jpg,-0.07647059,1,0,30.1893
D:\Madhav Rajpal\Sem 8 college\CV\Final Assignment\Data\IMG\center_2026_08_03_20_18_16_291.jpg,D:\Madhav Rajpal\Sem 8 college\CV\Final Assignment\Data\IMG\left_2026_08_03_20_18_16_291.jpg,D:\Madhav Rajpal\Sem 8 college\CV\Final Assignment\Data\IMG\right_2026_08_03_20_18_16_291.jpg,-0.04705882,1,0,30.19058
D:\Madhav Rajpal\Sem 8 college\CV\Final Assignment\Data\IMG\center_2026_08_03_20_18_16_365.jpg,D:\Madhav Rajpal\Sem 8 college\CV\Final Assignment\Data\IMG\left_2026_08_03_20_18_16_365.jpg,D:\Madhav Rajpal\Sem 8 college\CV\Final Assignment\Data\IMG\right_2026_08_03_20_18_16_365.jpg,-0.03529412,1,0,30.1904
D:\Madhav Rajpal\Sem 8 college\CV\Final Assignment\Data\IMG\center_2026_08_03_20_18_16_444.jpg,D:\Madhav Rajpal\Sem 8 college\CV\Final Assignment\Data\IMG\left_2026_08_03_20_18_16_444.jpg,D:\Madhav Rajpal\Sem 8 college\CV\Final Assignment\Data\IMG\right_2026_08_03_20_18_16_444.jpg,-0.03529412,1,0,30.19046
D:\Madhav Rajpal\Sem 8 college\CV\Final Assignment\Data\IMG\center_2026_08_03_20_18_16_517.jpg,D:\Madhav Rajpal\Sem 8 college\CV\Final Assignment\Data\IMG\left_2026_08_03_20_18_16_517.jpg,D:\Madhav Rajpal\Sem 8 college\CV\Final Assignment\Data\IMG\right_2026_08_03_20_18_16_517.jpg,-0.03529412,1,0,30.19029
D:\Madhav Rajpal\Sem 8 college\CV\Final Assignment\Data\IMG\center_2026_08_03_20_18_16_586.jpg,D:\Madhav Rajpal\Sem 8 college\CV\Final Assignment\Data\IMG\left_2026_08_03_20_18_16_586.jpg,D:\Madhav Rajpal\Sem 8 college\CV\Final Assignment\Data\IMG\right_2026_08_03_20_18_16_586.jpg,-0.03529412,1,0,30.1902
D:\Madhav Rajpal\Sem 8 college\CV\Final Assignment\Data\IMG\center_2026_08_03_20_18_16_661.jpg,D:\Madhav Rajpal\Sem 8 college\CV\Final Assignment\Data\IMG\left_2026_08_03_20_18_16_661.jpg,D:\Madhav Rajpal\Sem 8 college\CV\Final Assignment\Data\IMG\right_2026_08_03_20_18_16_661.jpg,-0.03529412,1,0,30.1905
D:\Madhav Rajpal\Sem 8 college\CV\Final Assignment\Data\IMG\center_2026_08_03_20_18_16_735.jpg,D:\Madhav Rajpal\Sem 8 college\CV\Final Assignment\Data\IMG\left_2026_08_03_20_18_16_735.jpg,D:\Madhav Rajpal\Sem 8 college\CV\Final Assignment\Data\IMG\right_2026_08_03_20_18_16_735.jpg,-0.03529412,1,0,30.19026
D:\Madhav Rajpal\Sem 8 college\CV\Final Assignment\Data\IMG\center_2026_08_03_20_18_16_810.jpg,D:\Madhav Rajpal\Sem 8 college\CV\Final Assignment\Data\IMG\left_2026_08_03_20_18_16_810.jpg,D:\Madhav Rajpal\Sem 8 college\CV\Final Assignment\Data\IMG\right_2026_08_03_20_18_16_810.jpg,-0.03529412,1,0,30.19022
D:\Madhav Rajpal\Sem 8 college\CV\Final Assignment\Data\IMG\center_2026_08_03_20_18_16_887.jpg,D:\Madhav Rajpal\Sem 8 college\CV\Final Assignment\Data\IMG\left_2026_08_03_20_18_16_887.jpg,D:\Madhav Rajpal\Sem 8 college\CV\Final Assignment\Data\IMG\right_2026_08_03_20_18_16_887.jpg,-0.03529412,1,0,30.19034
D:\Madhav Rajpal\Sem 8 college\CV\Final Assignment\Data\IMG\center_2026_08_03_20_18_16_959.jpg,D:\Madhav Rajpal\Sem 8 college\CV\Final Assignment\Data\IMG\left_2026_08_03_20_18_16_959.jpg,D:\Madhav Rajpal\Sem 8 college\CV\Final Assignment\Data\IMG\right_2026_08_03_20_18_16_959.jpg,-0.03529412,1,0,30.19026
D:\Madhav Rajpal\Sem 8 college\CV\Final Assignment\Data\IMG\center_2026_08_03_20_18_17_034.jpg,D:\Madhav Rajpal\Sem 8 college\CV\Final Assignment\Data\IMG\left_2026_08_03_20_18_17_034.jpg,D:\Madhav Rajpal\Sem 8 college\CV\Final Assignment\Data\IMG\right_2026_08_03_20_18_17_034.jpg,-0.03529412,1,0,30.18946
D:\Madhav Rajpal\Sem 8 college\CV\Final Assignment\Data\IMG\center_2026_08_03_20_18_17_105.jpg,D:\Madhav Rajpal\Sem 8 college\CV\Final Assignment\Data\IMG\left_2026_08_03_20_18_17_105.jpg,D:\Madhav Rajpal\Sem 8 college\CV\Final Assignment\Data\IMG\right_2026_08_03_20_18_17_105.jpg,-0.03529412,1,0,30.19042
D:\Madhav Rajpal\Sem 8 college\CV\Final Assignment\Data\IMG\center_2026_08_03_20_18_17_175.jpg,D:\Madhav Rajpal\Sem 8 college\CV\Final Assignment\Data\IMG\left_2026_08_03_20_18_17_175.jpg,D:\Madhav Rajpal\Sem 8 college\CV\Final Assignment\Data\IMG\right_2026_08_03_20_18_17_175.jpg,-0.03529412,1,0,30.19027
D:\Madhav Rajpal\Sem 8 college\CV\Final Assignment\Data\IMG\center_2026_08_03_20_18_17_245.jpg,D:\Madhav Rajpal\Sem 8 college\CV\Final Assignment\Data\IMG\left_2026_08_03_20_18_17_245.jpg,D:\Madhav Rajpal\Sem 8 college\CV\Final Assignment\Data\IMG\right_2026_08_03_20_18_17_245.jpg,-0.03529412,1,0,30.19022
D:\Madhav Rajpal\Sem 8 college\CV\Final Assignment\Data\IMG\center_2026_08_03_20_18_17_315.jpg,D:\Madhav Rajpal\Sem 8 college\CV\Final Assignment\Data\IMG\left_2026_08_03_20_18_17_315.jpg,D:\Madhav Rajpal\Sem 8 college\CV\Final Assignment\Data\IMG\right_2026_08_03_20_18_17_315.jpg,-0.03529412,1,0,30.19033
D:\Madhav Rajpal\Sem 8 college\CV\Final Assignment\Data\IMG\center_2026_08_03_20_18_17_386.jpg,D:\Madhav Rajpal\Sem 8 college\CV\Final Assignment\Data\IMG\left_2026_08_03_20_18_17_386.jpg,D:\Madhav Rajpal\Sem 8 college\CV\Final Assignment\Data\IMG\right_2026_08_03_20_18_17_386.jpg,-0.03529412,1,0,30.1903
D:\Madhav Rajpal\Sem 8 college\CV\Final Assignment\Data\IMG\center_2026_08_03_20_18_17_457.jpg,D:\Madhav Rajpal\Sem 8 college\CV\Final Assignment\Data\IMG\left_2026_08_03_20_18_17_457.jpg,D:\Madhav Rajpal\Sem 8 college\CV\Final Assignment\Data\IMG\right_2026_08_03_20_18_17_457.jpg,-0.03529412,1,0,30.19025
D:\Madhav Rajpal\Sem 8 college\CV\Final Assignment\Data\IMG\center_2026_08_03_20_18_17_529.jpg,D:\Madhav Rajpal\Sem 8 college\CV\Final Assignment\Data\IMG\left_2026_08_03_20_18_17_529.jpg,D:\Madhav Rajpal\Sem 8 college\CV\Final Assignment\Data\IMG\right_2026_08_03_20_18_17_529.jpg,-0.03529412,1,0,30.19052
D:\Madhav Rajpal\Sem 8 college\CV\Final Assignment\Data\IMG\center_2026_08_03_20_18_17_602.jpg,D:\Madhav Rajpal\Sem 8 college\CV\Final Assignment\Data\IMG\left_2026_08_03_20_18_17_602.jpg,D:\Madhav Rajpal\Sem 8 college\CV\Final Assignment\Data\IMG\right_2026_08_03_20_18_17_602.jpg,-0.03529412,1,0,30.19034
D:\Madhav Rajpal\Sem 8 college\CV\Final Assignment\Data\IMG\center_2026_08_03_20_18_17_672.jpg,D:\Madhav Rajpal\Sem 8 college\CV\Final Assignment\Data\IMG\left_2026_08_03_20_18_17_672.jpg,D:\Madhav Rajpal\Sem 8 college\CV\Final Assignment\Data\IMG\right_2026_08_03_20_18_17_672.jpg,-0.03529412,1,0,30.19027
D:\Madhav Rajpal\Sem 8 college\CV\Final Assignment\Data\IMG\center_2026_08_03_20_18_17_747.jpg,D:\Madhav Rajpal\Sem 8 college\CV\Final Assignment\Data\IMG\left_2026_08_03_20_18_17_747.jpg,D:\Madhav Rajpal\Sem 8 college\CV\Final Assignment\Data\IMG\right_2026_08_03_20_18_17_747.jpg,-0.03529412,1,0,30.18992
D:\Madhav Rajpal\Sem 8 college\CV\Final Assignment\Data\IMG\center_2026_08_03_20_18_17_819.jpg,D:\Madhav Rajpal\Sem 8 college\CV\Final Assignment\Data\IMG\left_2026_08_03_20_18_17_819.jpg,D:\Madhav Rajpal\Sem 8 college\CV\Final Assignment\Data\IMG\right_2026_08_03_20_18_17_819.jpg,-0.03529412,1,0,30.19032
D:\Madhav Rajpal\Sem 8 college\CV\Final Assignment\Data\IMG\center_2026_08_03_20_18_17_888.jpg,D:\Madhav Rajpal\Sem 8 college\CV\Final Assignment\Data\IMG\left_2026_08_03_20_18_17_888.jpg,D:\Madhav Rajpal\Sem 8 college\CV\Final Assignment\Data\IMG\right_2026_08_03_20_18_17_888.jpg,-0.03529412,1,0,30.19029
D:\Madhav Rajpal\Sem 8 college\CV\Final Assignment\Data\IMG\center_2026_08_03_20_18_17_966.jpg,D:\Madhav Rajpal\Sem 8 college\CV\Final Assignment\Data\IMG\left_2026_08_03_20_18_17_966.jpg,D:\Madhav Rajpal\Sem 8 college\CV\Final Assignment\Data\IMG\right_2026_08_03_20_18_17_966.jpg,-0.03529412,1,0,30.18974
D:\Madhav Rajpal\Sem 8 college\CV\Final Assignment\Data\IMG\center_2026_08_03_20_18_18_033.jpg,D:\Madhav Rajpal\Sem 8 college\CV\Final Assignment\Data\IMG\left_2026_08_03_20_18_18_033.jpg,D:\Madhav Rajpal\Sem 8 college\CV\Final Assignment\Data\IMG\right_2026_08_03_20_18_18_033.jpg,-0.03529412,1,0,30.19035
D:\Madhav Rajpal\Sem 8 college\CV\Final Assignment\Data\IMG\center_2026_08_03_20_18_18_112.jpg,D:\Madhav Rajpal\Sem 8 college\CV\Final Assignment\Data\IMG\left_2026_08_03_20_18_18_112.jpg,D:\Madhav Rajpal\Sem 8 college\CV\Final Assignment\Data\IMG\right_2026_08_03_20_18_18_112.jpg,-0.03529412,1,0,30.19027
D:\Madhav Rajpal\Sem 8 college\CV\Final Assignment\Data\IMG\center_2026_08_03_20_18_18_185.jpg,D:\Madhav Rajpal\Sem 8 college\CV\Final Assignment\Data\IMG\left_2026_08_03_20_18_18_185.jpg,D:\Madhav Rajpal\Sem 8 college\CV\Final Assignment\Data\IMG\right_2026_08_03_20_18_18_185.jpg,-0.03529412,1,0,30.19026
D:\Madhav Rajpal\Sem 8 college\CV\Final Assignment\Data\IMG\center_2026_08_03_20_18_18_261.jpg,D:\Madhav Rajpal\Sem 8 college\CV\Final Assignment\Data\IMG\left_2026_08_03_20_18_18_261.jpg,D:\Madhav Rajpal\Sem 8 college\CV\Final Assignment\Data\IMG\right_2026_08_03_20_18_18_261.jpg,-0.03529412,1,0,30.19036
D:\Madhav Rajpal\Sem 8 college\CV\Final Assignment\Data\IMG\center_2026_08_03_20_18_18_333.jpg,D:\Madhav Rajpal\Sem 8 college\CV\Final Assignment\Data\IMG\left_2026_08_03_20_18_18_333.jpg,D:\Madhav Rajpal\Sem 8 college\CV\Final Assignment\Data\IMG\right_2026_08_03_20_18_18_333.jpg,-0.01764706,1,0,30.19038
D:\Madhav Rajpal\Sem 8 college\CV\Final Assignment\Data\IMG\center_2026_08_03_20_18_18_401.jpg,D:\Madhav Rajpal\Sem 8 college\CV\Final Assignment\Data\IMG\left_2026_08_03_20_18_18_401.jpg,D:\Madhav Rajpal\Sem 8 college\CV\Final Assignment\Data\IMG\right_2026_08_03_20_18_18_401.jpg,-0.005882353,1,0,30.19035
D:\Madhav Rajpal\Sem 8 college\CV\Final Assignment\Data\IMG\center_2026_08_03_20_18_18_471.jpg,D:\Madhav Rajpal\Sem 8 college\CV\Final Assignment\Data\IMG\left_2026_08_03_20_18_18_471.jpg,D:\Madhav Rajpal\Sem 8 college\CV\Final Assignment\Data\IMG\right_2026_08_03_20_18_18_471.jpg,0.005882353,1,0,30.18981
D:\Madhav Rajpal\Sem 8 college\CV\Final Assignment\Data\IMG\center_2026_08_03_20_18_18_544.jpg,D:\Madhav Rajpal\Sem 8 college\CV\Final Assignment\Data\IMG\left_2026_08_03_20_18_18_544.jpg,D:\Madhav Rajpal\Sem 8 college\CV\Final Assignment\Data\IMG\right_2026_08_03_20_18_18_544.jpg,0.02352941,1,0,30.19021
D:\Madhav Rajpal\Sem 8 college\CV\Final Assignment\Data\IMG\center_2026_08_03_20_18_18_610.jpg,D:\Madhav Rajpal\Sem 8 college\CV\Final Assignment\Data\IMG\left_2026_08_03_20_18_18_610.jpg,D:\Madhav Rajpal\Sem 8 college\CV\Final Assignment\Data\IMG\right_2026_08_03_20_18_18_610.jpg,0.03529412,1,0,30.19011
D:\Madhav Rajpal\Sem 8 college\CV\Final Assignment\Data\IMG\center_2026_08_03_20_18_18_689.jpg,D:\Madhav Rajpal\Sem 8 college\CV\Final Assignment\Data\IMG\left_2026_08_03_20_18_18_689.jpg,D:\Madhav Rajpal\Sem 8 college\CV\Final Assignment\Data\IMG\right_2026_08_03_20_18_18_689.jpg,0.04705882,1,0,30.19007
D:\Madhav Rajpal\Sem 8 college\CV\Final Assignment\Data\IMG\center_2026_08_03_20_18_18_766.jpg,D:\Madhav Rajpal\Sem 8 college\CV\Final Assignment\Data\IMG\left_2026_08_03_20_18_18_766.jpg,D:\Madhav Rajpal\Sem 8 college\CV\Final Assignment\Data\IMG\right_2026_08_03_20_18_18_766.jpg,0.05882353,1,0,30.18975
D:\Madhav Rajpal\Sem 8 college\CV\Final Assignment\Data\IMG\center_2026_08_03_20_18_18_837.jpg,D:\Madhav Rajpal\Sem 8 college\CV\Final Assignment\Data\IMG\left_2026_08_03_20_18_18_837.jpg,D:\Madhav Rajpal\Sem 8 college\CV\Final Assignment\Data\IMG\right_2026_08_03_20_18_18_837.jpg,0.07647059,1,0,30.18992
D:\Madhav Rajpal\Sem 8 college\CV\Final Assignment\Data\IMG\center_2026_08_03_20_18_18_908.jpg,D:\Madhav Rajpal\Sem 8 college\CV\Final Assignment\Data\IMG\left_2026_08_03_20_18_18_908.jpg,D:\Madhav Rajpal\Sem 8 college\CV\Final Assignment\Data\IMG\right_2026_08_03_20_18_18_908.jpg,0.08235294,1,0,30.1899
D:\Madhav Rajpal\Sem 8 college\CV\Final Assignment\Data\IMG\center_2026_08_03_20_18_18_975.jpg,D:\Madhav Rajpal\Sem 8 college\CV\Final Assignment\Data\IMG\left_2026_08_03_20_18_18_975.jpg,D:\Madhav Rajpal\Sem 8 college\CV\Final Assignment\Data\IMG\right_2026_08_03_20_18_18_975.jpg,0.08235294,1,0,30.18981
D:\Madhav Rajpal\Sem 8 college\CV\Final Assignment\Data\IMG\center_2026_08_03_20_18_19_051.jpg,D:\Madhav Rajpal\Sem 8 college\CV\Final Assignment\Data\IMG\left_2026_08_03_20_18_19_051.jpg,D:\Madhav Rajpal\Sem 8 college\CV\Final Assignment\Data\IMG\right_2026_08_03_20_18_19_051.jpg,0.08235294,1,0,30.19038
D:\Madhav Rajpal\Sem 8 college\CV\Final Assignment\Data\IMG\center_2026_08_03_20_18_19_127.jpg,D:\Madhav Rajpal\Sem 8 college\CV\Final Assignment\Data\IMG\left_2026_08_03_20_18_19_127.jpg,D:\Madhav Rajpal\Sem 8 college\CV\Final Assignment\Data\IMG\right_2026_08_03_20_18_19_127.jpg,0.08235294,1,0,30.19045
D:\Madhav Rajpal\Sem 8 college\CV\Final Assignment\Data\IMG\center_2026_08_03_20_18_19_198.jpg,D:\Madhav Rajpal\Sem 8 college\CV\Final Assignment\Data\IMG\left_2026_08_03_20_18_19_198.jpg,D:\Madhav Rajpal\Sem 8 college\CV\Final Assignment\Data\IMG\right_2026_08_03_20_18_19_198.jpg,0.05294118,1,0,30.19085
D:\Madhav Rajpal\Sem 8 college\CV\Final Assignment\Data\IMG\center_2026_08_03_20_18_19_266.jpg,D:\Madhav Rajpal\Sem 8 college\CV\Final Assignment\Data\IMG\left_2026_08_03_20_18_19_266.jpg,D:\Madhav Rajpal\Sem 8 college\CV\Final Assignment\Data\IMG\right_2026_08_03_20_18_19_266.jpg,0.02352941,1,0,30.19077
D:\Madhav Rajpal\Sem 8 college\CV\Final Assignment\Data\IMG\center_2026_08_03_20_18_19_342.jpg,D:\Madhav Rajpal\Sem 8 college\CV\Final Assignment\Data\IMG\left_2026_08_03_20_18_19_342.jpg,D:\Madhav Rajpal\Sem 8 college\CV\Final Assignment\Data\IMG\right_2026_08_03_20_18_19_342.jpg,-0.04117647,1,0,30.18964
D:\Madhav Rajpal\Sem 8 college\CV\Final Assignment\Data\IMG\center_2026_08_03_20_18_19_413.jpg,D:\Madhav Rajpal\Sem 8 college\CV\Final Assignment\Data\IMG\left_2026_08_03_20_18_19_413.jpg,D:\Madhav Rajpal\Sem 8 college\CV\Final Assignment\Data\IMG\right_2026_08_03_20_18_19_413.jpg,-0.07058824,1,0,30.18916
D:\Madhav Rajpal\Sem 8 college\CV\Final Assignment\Data\IMG\center_2026_08_03_20_18_19_484.jpg,D:\Madhav Rajpal\Sem 8 college\CV\Final Assignment\Data\IMG\left_2026_08_03_20_18_19_484.jpg,D:\Madhav Rajpal\Sem 8 college\CV\Final Assignment\Data\IMG\right_2026_08_03_20_18_19_484.jpg,-0.07058824,1,0,30.1897
D:\Madhav Rajpal\Sem 8 college\CV\Final Assignment\Data\IMG\center_2026_08_03_20_18_19_562.jpg,D:\Madhav Rajpal\Sem 8 college\CV\Final Assignment\Data\IMG\left_2026_08_03_20_18_19_562.jpg,D:\Madhav Rajpal\Sem 8 college\CV\Final Assignment\Data\IMG\right_2026_08_03_20_18_19_562.jpg,-0.1058824,1,0,30.1891
D:\Madhav Rajpal\Sem 8 college\CV\Final Assignment\Data\IMG\center_2026_08_03_20_18_19_633.jpg,D:\Madhav Rajpal\Sem 8 college\CV\Final Assignment\Data\IMG\left_2026_08_03_20_18_19_633.jpg,D:\Madhav Rajpal\Sem 8 college\CV\Final Assignment\Data\IMG\right_2026_08_03_20_18_19_633.jpg,-0.1058824,1,0,30.18933
D:\Madhav Rajpal\Sem 8 college\CV\Final Assignment\Data\IMG\center_2026_08_03_20_18_19_711.jpg,D:\Madhav Rajpal\Sem 8 college\CV\Final Assignment\Data\IMG\left_2026_08_03_20_18_19_711.jpg,D:\Madhav Rajpal\Sem 8 college\CV\Final Assignment\Data\IMG\right_2026_08_03_20_18_19_711.jpg,-0.1058824,1,0,30.19036
D:\Madhav Rajpal\Sem 8 college\CV\Final Assignment\Data\IMG\center_2026_08_03_20_18_19_785.jpg,D:\Madhav Rajpal\Sem 8 college\CV\Final Assignment\Data\IMG\left_2026_08_03_20_18_19_785.jpg,D:\Madhav Rajpal\Sem 8 college\CV\Final Assignment\Data\IMG\right_2026_08_03_20_18_19_785.jpg,-0.1058824,1,0,30.19021
D:\Madhav Rajpal\Sem 8 college\CV\Final Assignment\Data\IMG\center_2026_08_03_20_18_19_854.jpg,D:\Madhav Rajpal\Sem 8 college\CV\Final Assignment\Data\IMG\left_2026_08_03_20_18_19_854.jpg,D:\Madhav Rajpal\Sem 8 college\CV\Final Assignment\Data\IMG\right_2026_08_03_20_18_19_854.jpg,-0.1058824,1,0,30.18978
D:\Madhav Rajpal\Sem 8 college\CV\Final Assignment\Data\IMG\center_2026_08_03_20_18_19_931.jpg,D:\Madhav Rajpal\Sem 8 college\CV\Final Assignment\Data\IMG\left_2026_08_03_20_18_19_931.jpg,D:\Madhav Rajpal\Sem 8 college\CV\Final Assignment\Data\IMG\right_2026_08_03_20_18_19_931.jpg,-0.07058824,1,0,30.19053
D:\Madhav Rajpal\Sem 8 college\CV\Final Assignment\Data\IMG\center_2026_08_03_20_18_20_001.jpg,D:\Madhav Rajpal\Sem 8 college\CV\Final Assignment\Data\IMG\left_2026_08_03_20_18_20_001.jpg,D:\Madhav Rajpal\Sem 8 college\CV\Final Assignment\Data\IMG\right_2026_08_03_20_18_20_001.jpg,-0.02941176,1,0,30.19045
D:\Madhav Rajpal\Sem 8 college\CV\Final Assignment\Data\IMG\center_2026_08_03_20_18_20_070.jpg,D:\Madhav Rajpal\Sem 8 college\CV\Final Assignment\Data\IMG\left_2026_08_03_20_18_20_070.jpg,D:\Madhav Rajpal\Sem 8 college\CV\Final Assignment\Data\IMG\right_2026_08_03_20_18_20_070.jpg,-0.005882353,1,0,30.19026
D:\Madhav Rajpal\Sem 8 college\CV\Final Assignment\Data\IMG\center_2026_08_03_20_18_20_145.jpg,D:\Madhav Rajpal\Sem 8 college\CV\Final Assignment\Data\IMG\left_2026_08_03_20_18_20_145.jpg,D:\Madhav Rajpal\Sem 8 college\CV\Final Assignment\Data\IMG\right_2026_08_03_20_18_20_145.jpg,0.03529412,1,0,30.18962
D:\Madhav Rajpal\Sem 8 college\CV\Final Assignment\Data\IMG\center_2026_08_03_20_18_20_216.jpg,D:\Madhav Rajpal\Sem 8 college\CV\Final Assignment\Data\IMG\left_2026_08_03_20_18_20_216.jpg,D:\Madhav Rajpal\Sem 8 college\CV\Final Assignment\Data\IMG\right_2026_08_03_20_18_20_216.jpg,0.04705882,1,0,30.1897
D:\Madhav Rajpal\Sem 8 college\CV\Final Assignment\Data\IMG\center_2026_08_03_20_18_20_291.jpg,D:\Madhav Rajpal\Sem 8 college\CV\Final Assignment\Data\IMG\left_2026_08_03_20_18_20_291.jpg,D:\Madhav Rajpal\Sem 8 college\CV\Final Assignment\Data\IMG\right_2026_08_03_20_18_20_291.jpg,0.04705882,1,0,30.18995
D:\Madhav Rajpal\Sem 8 college\CV\Final Assignment\Data\IMG\center_2026_08_03_20_18_20_365.jpg,D:\Madhav Rajpal\Sem 8 college\CV\Final Assignment\Data\IMG\left_2026_08_03_20_18_20_365.jpg,D:\Madhav Rajpal\Sem 8 college\CV\Final Assignment\Data\IMG\right_2026_08_03_20_18_20_365.jpg,0.04705882,1,0,30.19008
D:\Madhav Rajpal\Sem 8 college\CV\Final Assignment\Data\IMG\center_2026_08_03_20_18_20_433.jpg,D:\Madhav Rajpal\Sem 8 college\CV\Final Assignment\Data\IMG\left_2026_08_03_20_18_20_433.jpg,D:\Madhav Rajpal\Sem 8 college\CV\Final Assignment\Data\IMG\right_2026_08_03_20_18_20_433.jpg,0.04705882,1,0,30.19014
D:\Madhav Rajpal\Sem 8 college\CV\Final Assignment\Data\IMG\center_2026_08_03_20_18_20_509.jpg,D:\Madhav Rajpal\Sem 8 college\CV\Final Assignment\Data\IMG\left_2026_08_03_20_18_20_509.jpg,D:\Madhav Rajpal\Sem 8 college\CV\Final Assignment\Data\IMG\right_2026_08_03_20_18_20_509.jpg,0.04705882,1,0,30.19018
D:\Madhav Rajpal\Sem 8 college\CV\Final Assignment\Data\IMG\center_2026_08_03_20_18_20_585.jpg,D:\Madhav Rajpal\Sem 8 college\CV\Final Assignment\Data\IMG\left_2026_08_03_20_18_20_585.jpg,D:\Madhav Rajpal\Sem 8 college\CV\Final Assignment\Data\IMG\right_2026_08_03_20_18_20_585.jpg,0.04705882,1,0,30.19021
D:\Madhav Rajpal\Sem 8 college\CV\Final Assignment\Data\IMG\center_2026_08_03_20_18_20_662.jpg,D:\Madhav Rajpal\Sem 8 college\CV\Final Assignment\Data\IMG\left_2026_08_03_20_18_20_662.jpg,D:\Madhav Rajpal\Sem 8 college\CV\Final Assignment\Data\IMG\right_2026_08_03_20_18_20_662.jpg,0.04705882,1,0,30.19022
D:\Madhav Rajpal\Sem 8 college\CV\Final Assignment\Data\IMG\center_2026_08_03_20_18_20_730.jpg,D:\Madhav Rajpal\Sem 8 college\CV\Final Assignment\Data\IMG\left_2026_08_03_20_18_20_730.jpg,D:\Madhav Rajpal\Sem 8 college\CV\Final Assignment\Data\IMG\right_2026_08_03_20_18_20_730.jpg,0.04705882,1,0,30.19023
D:\Madhav Rajpal\Sem 8 college\CV\Final Assignment\Data\IMG\center_2026_08_03_20_18_20_802.jpg,D:\Madhav Rajpal\Sem 8 college\CV\Final Assignment\Data\IMG\left_2026_08_03_20_18_20_802.jpg,D:\Madhav Rajpal\Sem 8 college\CV\Final Assignment\Data\IMG\right_2026_08_03_20_18_20_802.jpg,0.04705882,1,0,30.19024
D:\Madhav Rajpal\Sem 8 college\CV\Final Assignment\Data\IMG\center_2026_08_03_20_18_20_877.jpg,D:\Madhav Rajpal\Sem 8 college\CV\Final Assignment\Data\IMG\left_2026_08_03_20_18_20_877.jpg,D:\Madhav Rajpal\Sem 8 college\CV\Final Assignment\Data\IMG\right_2026_08_03_20_18_20_877.jpg,0.04705882,1,0,30.19025
D:\Madhav Rajpal\Sem 8 college\CV\Final Assignment\Data\IMG\center_2026_08_03_20_18_20_951.jpg,D:\Madhav Rajpal\Sem 8 college\CV\Final Assignment\Data\IMG\left_2026_08_03_20_18_20_951.jpg,D:\Madhav Rajpal\Sem 8 college\CV\Final Assignment\Data\IMG\right_2026_08_03_20_18_20_951.jpg,0.04705882,1,0,30.19028
D:\Madhav Rajpal\Sem 8 college\CV\Final Assignment\Data\IMG\center_2026_08_03_20_18_21_020.jpg,D:\Madhav Rajpal\Sem 8 college\CV\Final Assignment\Data\IMG\left_2026_08_03_20_18_21_020.jpg,D:\Madhav Rajpal\Sem 8 college\CV\Final Assignment\Data\IMG\right_2026_08_03_20_18_21_020.jpg,0.04705882,1,0,30.19025
D:\Madhav Rajpal\Sem 8 college\CV\Final Assignment\Data\IMG\center_2026_08_03_20_18_21_092.jpg,D:\Madhav Rajpal\Sem 8 college\CV\Final Assignment\Data\IMG\left_2026_08_03_20_18_21_092.jpg,D:\Madhav Rajpal\Sem 8 college\CV\Final Assignment\Data\IMG\right_2026_08_03_20_18_21_092.jpg,0.04705882,1,0,30.19027
D:\Madhav Rajpal\Sem 8 college\CV\Final Assignment\Data\IMG\center_2026_08_03_20_18_21_161.jpg,D:\Madhav Rajpal\Sem 8 college\CV\Final Assignment\Data\IMG\left_2026_08_03_20_18_21_161.jpg,D:\Madhav Rajpal\Sem 8 college\CV\Final Assignment\Data\IMG\right_2026_08_03_20_18_21_161.jpg,0.04705882,1,0,30.19024
D:\Madhav Rajpal\Sem 8 college\CV\Final Assignment\Data\IMG\center_2026_08_03_20_18_21_230.jpg,D:\Madhav Rajpal\Sem 8 college\CV\Final Assignment\Data\IMG\left_2026_08_03_20_18_21_230.jpg,D:\Madhav Rajpal\Sem 8 college\CV\Final Assignment\Data\IMG\right_2026_08_03_20_18_21_230.jpg,0.04705882,1,0,30.19028
D:\Madhav Rajpal\Sem 8 college\CV\Final Assignment\Data\IMG\center_2026_08_03_20_18_21_302.jpg,D:\Madhav Rajpal\Sem 8 college\CV\Final Assignment\Data\IMG\left_2026_08_03_20_18_21_302.jpg,D:\Madhav Rajpal\Sem 8 college\CV\Final Assignment\Data\IMG\right_2026_08_03_20_18_21_302.jpg,0.04705882,1,0,30.19025
D:\Madhav Rajpal\Sem 8 college\CV\Final Assignment\Data\IMG\center_2026_08_03_20_18_21_376.jpg,D:\Madhav Rajpal\Sem 8 college\CV\Final Assignment\Data\IMG\left_2026_08_03_20_18_21_376.jpg,D:\Madhav Rajpal\Sem 8 college\CV\Final Assignment\Data\IMG\right_2026_08_03_20_18_21_376.jpg,0.04705882,1,0,30.19024
D:\Madhav Rajpal\Sem 8 college\CV\Final Assignment\Data\IMG\center_2026_08_03_20_18_21_453.jpg,D:\Madhav Rajpal\Sem 8 college\CV\Final Assignment\Data\IMG\left_2026_08_03_20_18_21_453.jpg,D:\Madhav Rajpal\Sem 8 college\CV\Final Assignment\Data\IMG\right_2026_08_03_20_18_21_453.jpg,0.04705882,1,0,30.19026
D:\Madhav Rajpal\Sem 8 college\CV\Final Assignment\Data\IMG\center_2026_08_03_20_18_21_527.jpg,D:\Madhav Rajpal\Sem 8 college\CV\Final Assignment\Data\IMG\left_2026_08_03_20_18_21_527.jpg,D:\Madhav Rajpal\Sem 8 college\CV\Final Assignment\Data\IMG\right_2026_08_03_20_18_21_527.jpg,0.04705882,1,0,30.19025
D:\Madhav Rajpal\Sem 8 college\CV\Final Assignment\Data\IMG\center_2026_08_03_20_18_21_602.jpg,D:\Madhav Rajpal\Sem 8 college\CV\Final Assignment\Data\IMG\left_2026_08_03_20_18_21_602.jpg,D:\Madhav Rajpal\Sem 8 college\CV\Final Assignment\Data\IMG\right_2026_08_03_20_18_21_602.jpg,0.04705882,1,0,30.19019
D:\Madhav Rajpal\Sem 8 college\CV\Final Assignment\Data\IMG\center_2026_08_03_20_18_21_675.jpg,D:\Madhav Rajpal\Sem 8 college\CV\Final Assignment\Data\IMG\left_2026_08_03_20_18_21_675.jpg,D:\Madhav Rajpal\Sem 8 college\CV\Final Assignment\Data\IMG\right_2026_08_03_20_18_21_675.jpg,0.04705882,1,0,30.19003
D:\Madhav Rajpal\Sem 8 college\CV\Final Assignment\Data\IMG\center_2026_08_03_20_18_21_742.jpg,D:\Madhav Rajpal\Sem 8 college\CV\Final Assignment\Data\IMG\left_2026_08_03_20_18_21_742.jpg,D:\Madhav Rajpal\Sem 8 college\CV\Final Assignment\Data\IMG\right_2026_08_03_20_18_21_742.jpg,0.04705882,1,0,30.1896
D:\Madhav Rajpal\Sem 8 college\CV\Final Assignment\Data\IMG\center_2026_08_03_20_18_21_818.jpg,D:\Madhav Rajpal\Sem 8 college\CV\Final Assignment\Data\IMG\left_2026_08_03_20_18_21_818.jpg,D:\Madhav Rajpal\Sem 8 college\CV\Final Assignment\Data\IMG\right_2026_08_03_20_18_21_818.jpg,0.04705882,1,0,30.19005
D:\Madhav Rajpal\Sem 8 college\CV\Final Assignment\Data\IMG\center_2026_08_03_20_18_21_884.jpg,D:\Madhav Rajpal\Sem 8 college\CV\Final Assignment\Data\IMG\left_2026_08_03_20_18_21_884.jpg,D:\Madhav Rajpal\Sem 8 college\CV\Final Assignment\Data\IMG\right_2026_08_03_20_18_21_884.jpg,0.04705882,1,0,30.1898
D:\Madhav Rajpal\Sem 8 college\CV\Final Assignment\Data\IMG\center_2026_08_03_20_18_21_964.jpg,D:\Madhav Rajpal\Sem 8 college\CV\Final Assignment\Data\IMG\left_2026_08_03_20_18_21_964.jpg,D:\Madhav Rajpal\Sem 8 college\CV\Final Assignment\Data\IMG\right_2026_08_03_20_18_21_964.jpg,0.04705882,1,0,30.1897
D:\Madhav Rajpal\Sem 8 college\CV\Final Assignment\Data\IMG\center_2026_08_03_20_18_22_035.jpg,D:\Madhav Rajpal\Sem 8 college\CV\Final Assignment\Data\IMG\left_2026_08_03_20_18_22_035.jpg,D:\Madhav Rajpal\Sem 8 college\CV\Final Assignment\Data\IMG\right_2026_08_03_20_18_22_035.jpg,0.04705882,1,0,30.18976
D:\Madhav Rajpal\Sem 8 college\CV\Final Assignment\Data\IMG\center_2026_08_03_20_18_22_109.jpg,D:\Madhav Rajpal\Sem 8 college\CV\Final Assignment\Data\IMG\left_2026_08_03_20_18_22_109.jpg,D:\Madhav Rajpal\Sem 8 college\CV\Final Assignment\Data\IMG\right_2026_08_03_20_18_22_109.jpg,0.04705882,1,0,30.18979
D:\Madhav Rajpal\Sem 8 college\CV\Final Assignment\Data\IMG\center_2026_08_03_20_18_22_179.jpg,D:\Madhav Rajpal\Sem 8 college\CV\Final Assignment\Data\IMG\left_2026_08_03_20_18_22_179.jpg,D:\Madhav Rajpal\Sem 8 college\CV\Final Assignment\Data\IMG\right_2026_08_03_20_18_22_179.jpg,0.04705882,1,0,30.19012
D:\Madhav Rajpal\Sem 8 college\CV\Final Assignment\Data\IMG\center_2026_08_03_20_18_22_246.jpg,D:\Madhav Rajpal\Sem 8 college\CV\Final Assignment\Data\IMG\left_2026_08_03_20_18_22_246.jpg,D:\Madhav Rajpal\Sem 8 college\CV\Final Assignment\Data\IMG\right_2026_08_03_20_18_22_246.jpg,0.05294118,1,0,30.18999
D:\Madhav Rajpal\Sem 8 college\CV\Final Assignment\Data\IMG\center_2026_08_03_20_18_22_316.jpg,D:\Madhav Rajpal\Sem 8 college\CV\Final Assignment\Data\IMG\left_2026_08_03_20_18_22_316.jpg,D:\Madhav Rajpal\Sem 8 college\CV\Final Assignment\Data\IMG\right_2026_08_03_20_18_22_316.jpg,0.05294118,1,0,30.18987
D:\Madhav Rajpal\Sem 8 college\CV\Final Assignment\Data\IMG\center_2026_08_03_20_18_22_385.jpg,D:\Madhav Rajpal\Sem 8 college\CV\Final Assignment\Data\IMG\left_2026_08_03_20_18_22_385.jpg,D:\Madhav Rajpal\Sem 8 college\CV\Final Assignment\Data\IMG\right_2026_08_03_20_18_22_385.jpg,0.05294118,1,0,30.19054
D:\Madhav Rajpal\Sem 8 college\CV\Final Assignment\Data\IMG\center_2026_08_03_20_18_22_454.jpg,D:\Madhav Rajpal\Sem 8 college\CV\Final Assignment\Data\IMG\left_2026_08_03_20_18_22_454.jpg,D:\Madhav Rajpal\Sem 8 college\CV\Final Assignment\Data\IMG\right_2026_08_03_20_18_22_454.jpg,0.07058824,1,0,30.1897
D:\Madhav Rajpal\Sem 8 college\CV\Final Assignment\Data\IMG\center_2026_08_03_20_18_22_527.jpg,D:\Madhav Rajpal\Sem 8 college\CV\Final Assignment\Data\IMG\left_2026_08_03_20_18_22_527.jpg,D:\Madhav Rajpal\Sem 8 college\CV\Final Assignment\Data\IMG\right_2026_08_03_20_18_22_527.jpg,0.1176471,1,0,30.18802
D:\Madhav Rajpal\Sem 8 college\CV\Final Assignment\Data\IMG\center_2026_08_03_20_18_22_595.jpg,D:\Madhav Rajpal\Sem 8 college\CV\Final Assignment\Data\IMG\left_2026_08_03_20_18_22_595.jpg,D:\Madhav Rajpal\Sem 8 college\CV\Final Assignment\Data\IMG\right_2026_08_03_20_18_22_595.jpg,0.1823529,1,0,30.18388
D:\Madhav Rajpal\Sem 8 college\CV\Final Assignment\Data\IMG\center_2026_08_03_20_18_22_669.jpg,D:\Madhav Rajpal\Sem 8 college\CV\Final Assignment\Data\IMG\left_2026_08_03_20_18_22_669.jpg,D:\Madhav Rajpal\Sem 8 college\CV\Final Assignment\Data\IMG\right_2026_08_03_20_18_22_669.jpg,0.2294118,1,0,30.18304
D:\Madhav Rajpal\Sem 8 college\CV\Final Assignment\Data\IMG\center_2026_08_03_20_18_22_743.jpg,D:\Madhav Rajpal\Sem 8 college\CV\Final Assignment\Data\IMG\left_2026_08_03_20_18_22_743.jpg,D:\Madhav Rajpal\Sem 8 college\CV\Final Assignment\Data\IMG\right_2026_08_03_20_18_22_743.jpg,0.2411765,1,0,30.18478
D:\Madhav Rajpal\Sem 8 college\CV\Final Assignment\Data\IMG\center_2026_08_03_20_18_22_814.jpg,D:\Madhav Rajpal\Sem 8 college\CV\Final Assignment\Data\IMG\left_2026_08_03_20_18_22_814.jpg,D:\Madhav Rajpal\Sem 8 college\CV\Final Assignment\Data\IMG\right_2026_08_03_20_18_22_814.jpg,0.2588235,1,0,30.18338
D:\Madhav Rajpal\Sem 8 college\CV\Final Assignment\Data\IMG\center_2026_08_03_20_18_22_882.jpg,D:\Madhav Rajpal\Sem 8 college\CV\Final Assignment\Data\IMG\left_2026_08_03_20_18_22_882.jpg,D:\Madhav Rajpal\Sem 8 college\CV\Final Assignment\Data\IMG\right_2026_08_03_20_18_22_882.jpg,0.2647059,1,0,30.18651
D:\Madhav Rajpal\Sem 8 college\CV\Final Assignment\Data\IMG\center_2026_08_03_20_18_22_956.jpg,D:\Madhav Rajpal\Sem 8 college\CV\Final Assignment\Data\IMG\left_2026_08_03_20_18_22_956.jpg,D:\Madhav Rajpal\Sem 8 college\CV\Final Assignment\Data\IMG\right_2026_08_03_20_18_22_956.jpg,0.2647059,1,0,30.18707
D:\Madhav Rajpal\Sem 8 college\CV\Final Assignment\Data\IMG\center_2026_08_03_20_18_23_026.jpg,D:\Madhav Rajpal\Sem 8 college\CV\Final Assignment\Data\IMG\left_2026_08_03_20_18_23_026.jpg,D:\Madhav Rajpal\Sem 8 college\CV\Final Assignment\Data\IMG\right_2026_08_03_20_18_23_026.jpg,0.2647059,1,0,30.1873
D:\Madhav Rajpal\Sem 8 college\CV\Final Assignment\Data\IMG\center_2026_08_03_20_18_23_096.jpg,D:\Madhav Rajpal\Sem 8 college\CV\Final Assignment\Data\IMG\left_2026_08_03_20_18_23_096.jpg,D:\Madhav Rajpal\Sem 8 college\CV\Final Assignment\Data\IMG\right_2026_08_03_20_18_23_096.jpg,0.2647059,1,0,30.1884
D:\Madhav Rajpal\Sem 8 college\CV\Final Assignment\Data\IMG\center_2026_08_03_20_18_23_169.jpg,D:\Madhav Rajpal\Sem 8 college\CV\Final Assignment\Data\IMG\left_2026_08_03_20_18_23_169.jpg,D:\Madhav Rajpal\Sem 8 college\CV\Final Assignment\Data\IMG\right_2026_08_03_20_18_23_169.jpg,0.2647059,1,0,30.18811
D:\Madhav Rajpal\Sem 8 college\CV\Final Assignment\Data\IMG\center_2026_08_03_20_18_23_238.jpg,D:\Madhav Rajpal\Sem 8 college\CV\Final Assignment\Data\IMG\left_2026_08_03_20_18_23_238.jpg,D:\Madhav Rajpal\Sem 8 college\CV\Final Assignment\Data\IMG\right_2026_08_03_20_18_23_238.jpg,0.2647059,1,0,30.18792
D:\Madhav Rajpal\Sem 8 college\CV\Final Assignment\Data\IMG\center_2026_08_03_20_18_23_308.jpg,D:\Madhav Rajpal\Sem 8 college\CV\Final Assignment\Data\IMG\left_2026_08_03_20_18_23_308.jpg,D:\Madhav Rajpal\Sem 8 college\CV\Final Assignment\Data\IMG\right_2026_08_03_20_18_23_308.jpg,0.2470588,1,0,30.18713
D:\Madhav Rajpal\Sem 8 college\CV\Final Assignment\Data\IMG\center_2026_08_03_20_18_23_380.jpg,D:\Madhav Rajpal\Sem 8 college\CV\Final Assignment\Data\IMG\left_2026_08_03_20_18_23_380.jpg,D:\Madhav Rajpal\Sem 8 college\CV\Final Assignment\Data\IMG\right_2026_08_03_20_18_23_380.jpg,0.1705882,1,0,30.19208
D:\Madhav Rajpal\Sem 8 college\CV\Final Assignment\Data\IMG\center_2026_08_03_20_18_23_446.jpg,D:\Madhav Rajpal\Sem 8 college\CV\Final Assignment\Data\IMG\left_2026_08_03_20_18_23_446.jpg,D:\Madhav Rajpal\Sem 8 college\CV\Final Assignment\Data\IMG\right_2026_08_03_20_18_23_446.jpg,0.1647059,1,0,30.181
D:\Madhav Rajpal\Sem 8 college\CV\Final Assignment\Data\IMG\center_2026_08_03_20_18_23_516.jpg,D:\Madhav Rajpal\Sem 8 college\CV\Final Assignment\Data\IMG\left_2026_08_03_20_18_23_516.jpg,D:\Madhav Rajpal\Sem 8 college\CV\Final Assignment\Data\IMG\right_2026_08_03_20_18_23_516.jpg,0.1764706,1,0,30.18966
D:\Madhav Rajpal\Sem 8 college\CV\Final Assignment\Data\IMG\center_2026_08_03_20_18_23_586.jpg,D:\Madhav Rajpal\Sem 8 college\CV\Final Assignment\Data\IMG\left_2026_08_03_20_18_23_586.jpg,D:\Madhav Rajpal\Sem 8 college\CV\Final Assignment\Data\IMG\right_2026_08_03_20_18_23_586.jpg,0.2117647,1,0,30.18749
D:\Madhav Rajpal\Sem 8 college\CV\Final Assignment\Data\IMG\center_2026_08_03_20_18_23_654.jpg,D:\Madhav Rajpal\Sem 8 college\CV\Final Assignment\Data\IMG\left_2026_08_03_20_18_23_654.jpg,D:\Madhav Rajpal\Sem 8 college\CV\Final Assignment\Data\IMG\right_2026_08_03_20_18_23_654.jpg,0.2117647,1,0,30.17845
D:\Madhav Rajpal\Sem 8 college\CV\Final Assignment\Data\IMG\center_2026_08_03_20_18_23_729.jpg,D:\Madhav Rajpal\Sem 8 college\CV\Final Assignment\Data\IMG\left_2026_08_03_20_18_23_729.jpg,D:\Madhav Rajpal\Sem 8 college\CV\Final Assignment\Data\IMG\right_2026_08_03_20_18_23_729.jpg,0.2117647,1,0,30.1897
D:\Madhav Rajpal\Sem 8 college\CV\Final Assignment\Data\IMG\center_2026_08_03_20_18_23_798.jpg,D:\Madhav Rajpal\Sem 8 college\CV\Final Assignment\Data\IMG\left_2026_08_03_20_18_23_798.jpg,D:\Madhav Rajpal\Sem 8 college\CV\Final Assignment\Data\IMG\right_2026_08_03_20_18_23_798.jpg,0.2352941,1,0,30.17519
D:\Madhav Rajpal\Sem 8 college\CV\Final Assignment\Data\IMG\center_2026_08_03_20_18_23_868.jpg,D:\Madhav Rajpal\Sem 8 college\CV\Final Assignment\Data\IMG\left_2026_08_03_20_18_23_868.jpg,D:\Madhav Rajpal\Sem 8 college\CV\Final Assignment\Data\IMG\right_2026_08_03_20_18_23_868.jpg,0.2529412,1,0,30.18837
D:\Madhav Rajpal\Sem 8 college\CV\Final Assignment\Data\IMG\center_2026_08_03_20_18_23_943.jpg,D:\Madhav Rajpal\Sem 8 college\CV\Final Assignment\Data\IMG\left_2026_08_03_20_18_23_943.jpg,D:\Madhav Rajpal\Sem 8 college\CV\Final Assignment\Data\IMG\right_2026_08_03_20_18_23_943.jpg,0.2529412,1,0,30.18727
D:\Madhav Rajpal\Sem 8 college\CV\Final Assignment\Data\IMG\center_2026_08_03_20_18_24_012.jpg,D:\Madhav Rajpal\Sem 8 college\CV\Final Assignment\Data\IMG\left_2026_08_03_20_18_24_012.jpg,D:\Madhav Rajpal\Sem 8 college\CV\Final Assignment\Data\IMG\right_2026_08_03_20_18_24_012.jpg,0.2529412,1,0,30.17641
D:\Madhav Rajpal\Sem 8 college\CV\Final Assignment\Data\IMG\center_2026_08_03_20_18_24_084.jpg,D:\Madhav Rajpal\Sem 8 college\CV\Final Assignment\Data\IMG\left_2026_08_03_20_18_24_084.jpg,D:\Madhav Rajpal\Sem 8 college\CV\Final Assignment\Data\IMG\right_2026_08_03_20_18_24_084.jpg,0.2529412,1,0,30.19084
D:\Madhav Rajpal\Sem 8 college\CV\Final Assignment\Data\IMG\center_2026_08_03_20_18_24_159.jpg,D:\Madhav Rajpal\Sem 8 college\CV\Final Assignment\Data\IMG\left_2026_08_03_20_18_24_159.jpg,D:\Madhav Rajpal\Sem 8 college\CV\Final Assignment\Data\IMG\right_2026_08_03_20_18_24_159.jpg,0.2529412,1,0,30.18043
D:\Madhav Rajpal\Sem 8 college\CV\Final Assignment\Data\IMG\center_2026_08_03_20_18_24_228.jpg,D:\Madhav Rajpal\Sem 8 college\CV\Final Assignment\Data\IMG\left_2026_08_03_20_18_24_228.jpg,D:\Madhav Rajpal\Sem 8 college\CV\Final Assignment\Data\IMG\right_2026_08_03_20_18_24_228.jpg,0.2529412,1,0,30.19071
D:\Madhav Rajpal\Sem 8 college\CV\Final Assignment\Data\IMG\center_2026_08_03_20_18_24_295.jpg,D:\Madhav Rajpal\Sem 8 college\CV\Final Assignment\Data\IMG\left_2026_08_03_20_18_24_295.jpg,D:\Madhav Rajpal\Sem 8 college\CV\Final Assignment\Data\IMG\right_2026_08_03_20_18_24_295.jpg,0.2529412,1,0,30.18843
D:\Madhav Rajpal\Sem 8 college\CV\Final Assignment\Data\IMG\center_2026_08_03_20_18_24_366.jpg,D:\Madhav Rajpal\Sem 8 college\CV\Final Assignment\Data\IMG\left_2026_08_03_20_18_24_366.jpg,D:\Madhav Rajpal\Sem 8 college\CV\Final Assignment\Data\IMG\right_2026_08_03_20_18_24_366.jpg,0.2529412,1,0,30.186
D:\Madhav Rajpal\Sem 8 college\CV\Final Assignment\Data\IMG\center_2026_08_03_20_18_24_437.jpg,D:\Madhav Rajpal\Sem 8 college\CV\Final Assignment\Data\IMG\left_2026_08_03_20_18_24_437.jpg,D:\Madhav Rajpal\Sem 8 college\CV\Final Assignment\Data\IMG\right_2026_08_03_20_18_24_437.jpg,0.2529412,1,0,30.19136
D:\Madhav Rajpal\Sem 8 college\CV\Final Assignment\Data\IMG\center_2026_08_03_20_18_24_507.jpg,D:\Madhav Rajpal\Sem 8 college\CV\Final Assignment\Data\IMG\left_2026_08_03_20_18_24_507.jpg,D:\Madhav Rajpal\Sem 8 college\CV\Final Assignment\Data\IMG\right_2026_08_03_20_18_24_507.jpg,0.2529412,1,0,30.18925
D:\Madhav Rajpal\Sem 8 college\CV\Final Assignment\Data\IMG\center_2026_08_03_20_18_24_582.jpg,D:\Madhav Rajpal\Sem 8 college\CV\Final Assignment\Data\IMG\left_2026_08_03_20_18_24_582.jpg,D:\Madhav Rajpal\Sem 8 college\CV\Final Assignment\Data\IMG\right_2026_08_03_20_18_24_582.jpg,0.2529412,1,0,30.19276
D:\Madhav Rajpal\Sem 8 college\CV\Final Assignment\Data\IMG\center_2026_08_03_20_18_24_656.jpg,D:\Madhav Rajpal\Sem 8 college\CV\Final Assignment\Data\IMG\left_2026_08_03_20_18_24_656.jpg,D:\Madhav Rajpal\Sem 8 college\CV\Final Assignment\Data\IMG\right_2026_08_03_20_18_24_656.jpg,0.2529412,1,0,30.1892
D:\Madhav Rajpal\Sem 8 college\CV\Final Assignment\Data\IMG\center_2026_08_03_20_18_24_734.jpg,D:\Madhav Rajpal\Sem 8 college\CV\Final Assignment\Data\IMG\left_2026_08_03_20_18_24_734.jpg,D:\Madhav Rajpal\Sem 8 college\CV\Final Assignment\Data\IMG\right_2026_08_03_20_18_24_734.jpg,0.2529412,1,0,30.18805
D:\Madhav Rajpal\Sem 8 college\CV\Final Assignment\Data\IMG\center_2026_08_03_20_18_24_810.jpg,D:\Madhav Rajpal\Sem 8 college\CV\Final Assignment\Data\IMG\left_2026_08_03_20_18_24_810.jpg,D:\Madhav Rajpal\Sem 8 college\CV\Final Assignment\Data\IMG\right_2026_08_03_20_18_24_810.jpg,0.2529412,1,0,30.19193
D:\Madhav Rajpal\Sem 8 college\CV\Final Assignment\Data\IMG\center_2026_08_03_20_18_24_882.jpg,D:\Madhav Rajpal\Sem 8 college\CV\Final Assignment\Data\IMG\left_2026_08_03_20_18_24_882.jpg,D:\Madhav Rajpal\Sem 8 college\CV\Final Assignment\Data\IMG\right_2026_08_03_20_18_24_882.jpg,0.1764706,1,0,30.19378
D:\Madhav Rajpal\Sem 8 college\CV\Final Assignment\Data\IMG\center_2026_08_03_20_18_24_952.jpg,D:\Madhav Rajpal\Sem 8 college\CV\Final Assignment\Data\IMG\left_2026_08_03_20_18_24_952.jpg,D:\Madhav Rajpal\Sem 8 college\CV\Final Assignment\Data\IMG\right_2026_08_03_20_18_24_952.jpg,0.08823529,1,0,30.19156
D:\Madhav Rajpal\Sem 8 college\CV\Final Assignment\Data\IMG\center_2026_08_03_20_18_25_019.jpg,D:\Madhav Rajpal\Sem 8 college\CV\Final Assignment\Data\IMG\left_2026_08_03_20_18_25_019.jpg,D:\Madhav Rajpal\Sem 8 college\CV\Final Assignment\Data\IMG\right_2026_08_03_20_18_25_019.jpg,0.07058824,1,0,30.19401
D:\Madhav Rajpal\Sem 8 college\CV\Final Assignment\Data\IMG\center_2026_08_03_20_18_25_094.jpg,D:\Madhav Rajpal\Sem 8 college\CV\Final Assignment\Data\IMG\left_2026_08_03_20_18_25_094.jpg,D:\Madhav Rajpal\Sem 8 college\CV\Final Assignment\Data\IMG\right_2026_08_03_20_18_25_094.jpg,0.05882353,1,0,30.19118
D:\Madhav Rajpal\Sem 8 college\CV\Final Assignment\Data\IMG\center_2026_08_03_20_18_25_163.jpg,D:\Madhav Rajpal\Sem 8 college\CV\Final Assignment\Data\IMG\left_2026_08_03_20_18_25_163.jpg,D:\Madhav Rajpal\Sem 8 college\CV\Final Assignment\Data\IMG\right_2026_08_03_20_18_25_163.jpg,0.05294118,1,0,30.19056
D:\Madhav Rajpal\Sem 8 college\CV\Final Assignment\Data\IMG\center_2026_08_03_20_18_25_232.jpg,D:\Madhav Rajpal\Sem 8 college\CV\Final Assignment\Data\IMG\left_2026_08_03_20_18_25_232.jpg,D:\Madhav Rajpal\Sem 8 college\CV\Final Assignment\Data\IMG\right_2026_08_03_20_18_25_232.jpg,0.01764706,1,0,30.19275
D:\Madhav Rajpal\Sem 8 college\CV\Final Assignment\Data\IMG\center_2026_08_03_20_18_25_304.jpg,D:\Madhav Rajpal\Sem 8 college\CV\Final Assignment\Data\IMG\left_2026_08_03_20_18_25_304.jpg,D:\Madhav Rajpal\Sem 8 college\CV\Final Assignment\Data\IMG\right_2026_08_03_20_18_25_304.jpg,0,1,0,30.19103
D:\Madhav Rajpal\Sem 8 college\CV\Final Assignment\Data\IMG\center_2026_08_03_20_18_25_380.jpg,D:\Madhav Rajpal\Sem 8 college\CV\Final Assignment\Data\IMG\left_2026_08_03_20_18_25_380.jpg,D:\Madhav Rajpal\Sem 8 college\CV\Final Assignment\Data\IMG\right_2026_08_03_20_18_25_380.jpg,-0.01176471,1,0,30.19028
D:\Madhav Rajpal\Sem 8 college\CV\Final Assignment\Data\IMG\center_2026_08_03_20_18_25_454.jpg,D:\Madhav Rajpal\Sem 8 college\CV\Final Assignment\Data\IMG\left_2026_08_03_20_18_25_454.jpg,D:\Madhav Rajpal\Sem 8 college\CV\Final Assignment\Data\IMG\right_2026_08_03_20_18_25_454.jpg,-0.01176471,1,0,30.1899
D:\Madhav Rajpal\Sem 8 college\CV\Final Assignment\Data\IMG\center_2026_08_03_20_18_25_527.jpg,D:\Madhav Rajpal\Sem 8 college\CV\Final Assignment\Data\IMG\left_2026_08_03_20_18_25_527.jpg,D:\Madhav Rajpal\Sem 8 college\CV\Final Assignment\Data\IMG\right_2026_08_03_20_18_25_527.jpg,-0.01176471,1,0,30.19026
D:\Madhav Rajpal\Sem 8 college\CV\Final Assignment\Data\IMG\center_2026_08_03_20_18_25_597.jpg,D:\Madhav Rajpal\Sem 8 college\CV\Final Assignment\Data\IMG\left_2026_08_03_20_18_25_597.jpg,D:\Madhav Rajpal\Sem 8 college\CV\Final Assignment\Data\IMG\right_2026_08_03_20_18_25_597.jpg,-0.01176471,1,0,30.19049
D:\Madhav Rajpal\Sem 8 college\CV\Final Assignment\Data\IMG\center_2026_08_03_20_18_25_669.jpg,D:\Madhav Rajpal\Sem 8 college\CV\Final Assignment\Data\IMG\left_2026_08_03_20_18_25_669.jpg,D:\Madhav Rajpal\Sem 8 college\CV\Final Assignment\Data\IMG\right_2026_08_03_20_18_25_669.jpg,-0.01176471,1,0,30.19033
D:\Madhav Rajpal\Sem 8 college\CV\Final Assignment\Data\IMG\center_2026_08_03_20_18_25_739.jpg,D:\Madhav Rajpal\Sem 8 college\CV\Final Assignment\Data\IMG\left_2026_08_03_20_18_25_739.jpg,D:\Madhav Rajpal\Sem 8 college\CV\Final Assignment\Data\IMG\right_2026_08_03_20_18_25_739.jpg,-0.005882353,1,0,30.19091
D:\Madhav Rajpal\Sem 8 college\CV\Final Assignment\Data\IMG\center_2026_08_03_20_18_25_806.jpg,D:\Madhav Rajpal\Sem 8 college\CV\Final Assignment\Data\IMG\left_2026_08_03_20_18_25_806.jpg,D:\Madhav Rajpal\Sem 8 college\CV\Final Assignment\Data\IMG\right_2026_08_03_20_18_25_806.jpg,0.01764706,1,0,30.19053
D:\Madhav Rajpal\Sem 8 college\CV\Final Assignment\Data\IMG\center_2026_08_03_20_18_25_879.jpg,D:\Madhav Rajpal\Sem 8 college\CV\Final Assignment\Data\IMG\left_2026_08_03_20_18_25_879.jpg,D:\Madhav Rajpal\Sem 8 college\CV\Final Assignment\Data\IMG\right_2026_08_03_20_18_25_879.jpg,0.06470589,1,0,30.18949
D:\Madhav Rajpal\Sem 8 college\CV\Final Assignment\Data\IMG\center_2026_08_03_20_18_25_959.jpg,D:\Madhav Rajpal\Sem 8 college\CV\Final Assignment\Data\IMG\left_2026_08_03_20_18_25_959.jpg,D:\Madhav Rajpal\Sem 8 college\CV\Final Assignment\Data\IMG\right_2026_08_03_20_18_25_959.jpg,0.07647059,1,0,30.18957
D:\Madhav Rajpal\Sem 8 college\CV\Final Assignment\Data\IMG\center_2026_08_03_20_18_26_027.jpg,D:\Madhav Rajpal\Sem 8 college\CV\Final Assignment\Data\IMG\left_2026_08_03_20_18_26_027.jpg,D:\Madhav Rajpal\Sem 8 college\CV\Final Assignment\Data\IMG\right_2026_08_03_20_18_26_027.jpg,0.08235294,1,0,30.19033
D:\Madhav Rajpal\Sem 8 college\CV\Final Assignment\Data\IMG\center_2026_08_03_20_18_26_096.jpg,D:\Madhav Rajpal\Sem 8 college\CV\Final Assignment\Data\IMG\left_2026_08_03_20_18_26_096.jpg,D:\Madhav Rajpal\Sem 8 college\CV\Final Assignment\Data\IMG\right_2026_08_03_20_18_26_096.jpg,0.08235294,1,0,30.19012
D:\Madhav Rajpal\Sem 8 college\CV\Final Assignment\Data\IMG\center_2026_08_03_20_18_26_174.jpg,D:\Madhav Rajpal\Sem 8 college\CV\Final Assignment\Data\IMG\left_2026_08_03_20_18_26_174.jpg,D:\Madhav Rajpal\Sem 8 college\CV\Final Assignment\Data\IMG\right_2026_08_03_20_18_26_174.jpg,0.08235294,1,0,30.19019
D:\Madhav Rajpal\Sem 8 college\CV\Final Assignment\Data\IMG\center_2026_08_03_20_18_26_252.jpg,D:\Madhav Rajpal\Sem 8 college\CV\Final Assignment\Data\IMG\left_2026_08_03_20_18_26_252.jpg,D:\Madhav Rajpal\Sem 8 college\CV\Final Assignment\Data\IMG\right_2026_08_03_20_18_26_252.jpg,0.08235294,1,0,30.19051
D:\Madhav Rajpal\Sem 8 college\CV\Final Assignment\Data\IMG\center_2026_08_03_20_18_26_327.jpg,D:\Madhav Rajpal\Sem 8 college\CV\Final Assignment\Data\IMG\left_2026_08_03_20_18_26_327.jpg,D:\Madhav Rajpal\Sem 8 college\CV\Final Assignment\Data\IMG\right_2026_08_03_20_18_26_327.jpg,0.08235294,1,0,30.19033
D:\Madhav Rajpal\Sem 8 college\CV\Final Assignment\Data\IMG\center_2026_08_03_20_18_26_403.jpg,D:\Madhav Rajpal\Sem 8 college\CV\Final Assignment\Data\IMG\left_2026_08_03_20_18_26_403.jpg,D:\Madhav Rajpal\Sem 8 college\CV\Final Assignment\Data\IMG\right_2026_08_03_20_18_26_403.jpg,0.08235294,1,0,30.19027
D:\Madhav Rajpal\Sem 8 college\CV\Final Assignment\Data\IMG\center_2026_08_03_20_18_26_480.jpg,D:\Madhav Rajpal\Sem 8 college\CV\Final Assignment\Data\IMG\left_2026_08_03_20_18_26_480.jpg,D:\Madhav Rajpal\Sem 8 college\CV\Final Assignment\Data\IMG\right_2026_08_03_20_18_26_480.jpg,0.08235294,1,0,30.19024
D:\Madhav Rajpal\Sem 8 college\CV\Final Assignment\Data\IMG\center_2026_08_03_20_18_26_555.jpg,D:\Madhav Rajpal\Sem 8 college\CV\Final Assignment\Data\IMG\left_2026_08_03_20_18_26_555.jpg,D:\Madhav Rajpal\Sem 8 college\CV\Final Assignment\Data\IMG\right_2026_08_03_20_18_26_555.jpg,0.08235294,1,0,30.19
D:\Madhav Rajpal\Sem 8 college\CV\Final Assignment\Data\IMG\center_2026_08_03_20_18_26_631.jpg,D:\Madhav Rajpal\Sem 8 college\CV\Final Assignment\Data\IMG\left_2026_08_03_20_18_26_631.jpg,D:\Madhav Rajpal\Sem 8 college\CV\Final Assignment\Data\IMG\right_2026_08_03_20_18_26_631.jpg,0.07647059,1,0,30.19045
D:\Madhav Rajpal\Sem 8 college\CV\Final Assignment\Data\IMG\center_2026_08_03_20_18_26_699.jpg,D:\Madhav Rajpal\Sem 8 college\CV\Final Assignment\Data\IMG\left_2026_08_03_20_18_26_699.jpg,D:\Madhav Rajpal\Sem 8 college\CV\Final Assignment\Data\IMG\right_2026_08_03_20_18_26_699.jpg,0.01176471,1,0,30.1905
D:\Madhav Rajpal\Sem 8 college\CV\Final Assignment\Data\IMG\center_2026_08_03_20_18_26_769.jpg,D:\Madhav Rajpal\Sem 8 college\CV\Final Assignment\Data\IMG\left_2026_08_03_20_18_26_769.jpg,D:\Madhav Rajpal\Sem 8 college\CV\Final Assignment\Data\IMG\right_2026_08_03_20_18_26_769.jpg,0,1,0,30.19034
D:\Madhav Rajpal\Sem 8 college\CV\Final Assignment\Data\IMG\center_2026_08_03_20_18_26_850.jpg,D:\Madhav Rajpal\Sem 8 college\CV\Final Assignment\Data\IMG\left_2026_08_03_20_18_26_850.jpg,D:\Madhav Rajpal\Sem 8 college\CV\Final Assignment\Data\IMG\right_2026_08_03_20_18_26_850.jpg,0,1,0,30.19053
D:\Madhav Rajpal\Sem 8 college\CV\Final Assignment\Data\IMG\center_2026_08_03_20_18_26_925.jpg,D:\Madhav Rajpal\Sem 8 college\CV\Final Assignment\Data\IMG\left_2026_08_03_20_18_26_925.jpg,D:\Madhav Rajpal\Sem 8 college\CV\Final Assignment\Data\IMG\right_2026_08_03_20_18_26_925.jpg,0,1,0,30.19045
D:\Madhav Rajpal\Sem 8 college\CV\Final Assignment\Data\IMG\center_2026_08_03_20_18_27_003.jpg,D:\Madhav Rajpal\Sem 8 college\CV\Final Assignment\Data\IMG\left_2026_08_03_20_18_27_003.jpg,D:\Madhav Rajpal\Sem 8 college\CV\Final Assignment\Data\IMG\right_2026_08_03_20_18_27_003.jpg,0,1,0,30.19042
D:\Madhav Rajpal\Sem 8 college\CV\Final Assignment\Data\IMG\center_2026_08_03_20_18_27_078.jpg,D:\Madhav Rajpal\Sem 8 college\CV\Final Assignment\Data\IMG\left_2026_08_03_20_18_27_078.jpg,D:\Madhav Rajpal\Sem 8 college\CV\Final Assignment\Data\IMG\right_2026_08_03_20_18_27_078.jpg,0,1,0,30.1904
D:\Madhav Rajpal\Sem 8 college\CV\Final Assignment\Data\IMG\center_2026_08_03_20_18_27_156.jpg,D:\Madhav Rajpal\Sem 8 college\CV\Final Assignment\Data\IMG\left_2026_08_03_20_18_27_156.jpg,D:\Madhav Rajpal\Sem 8 college\CV\Final Assignment\Data\IMG\right_2026_08_03_20_18_27_156.jpg,0,1,0,30.19039
D:\Madhav Rajpal\Sem 8 college\CV\Final Assignment\Data\IMG\center_2026_08_03_20_18_27_232.jpg,D:\Madhav Rajpal\Sem 8 college\CV\Final Assignment\Data\IMG\left_2026_08_03_20_18_27_232.jpg,D:\Madhav Rajpal\Sem 8 college\CV\Final Assignment\Data\IMG\right_2026_08_03_20_18_27_232.jpg,0,1,0,30.19049
D:\Madhav Rajpal\Sem 8 college\CV\Final Assignment\Data\IMG\center_2026_08_03_20_18_27_299.jpg,D:\Madhav Rajpal\Sem 8 college\CV\Final Assignment\Data\IMG\left_2026_08_03_20_18_27_299.jpg,D:\Madhav Rajpal\Sem 8 college\CV\Final Assignment\Data\IMG\right_2026_08_03_20_18_27_299.jpg,0,1,0,30.1906
D:\Madhav Rajpal\Sem 8 college\CV\Final Assignment\Data\IMG\center_2026_08_03_20_18_27_366.jpg,D:\Madhav Rajpal\Sem 8 college\CV\Final Assignment\Data\IMG\left_2026_08_03_20_18_27_366.jpg,D:\Madhav Rajpal\Sem 8 college\CV\Final Assignment\Data\IMG\right_2026_08_03_20_18_27_366.jpg,0,1,0,30.19039
D:\Madhav Rajpal\Sem 8 college\CV\Final Assignment\Data\IMG\center_2026_08_03_20_18_27_441.jpg,D:\Madhav Rajpal\Sem 8 college\CV\Final Assignment\Data\IMG\left_2026_08_03_20_18_27_441.jpg,D:\Madhav Rajpal\Sem 8 college\CV\Final Assignment\Data\IMG\right_2026_08_03_20_18_27_441.jpg,0,1,0,30.19038
D:\Madhav Rajpal\Sem 8 college\CV\Final Assignment\Data\IMG\center_2026_08_03_20_18_27_518.jpg,D:\Madhav Rajpal\Sem 8 college\CV\Final Assignment\Data\IMG\left_2026_08_03_20_18_27_518.jpg,D:\Madhav Rajpal\Sem 8 college\CV\Final Assignment\Data\IMG\right_2026_08_03_20_18_27_518.jpg,0,1,0,30.19075
D:\Madhav Rajpal\Sem 8 college\CV\Final Assignment\Data\IMG\center_2026_08_03_20_18_27_594.jpg,D:\Madhav Rajpal\Sem 8 college\CV\Final Assignment\Data\IMG\left_2026_08_03_20_18_27_594.jpg,D:\Madhav Rajpal\Sem 8 college\CV\Final Assignment\Data\IMG\right_2026_08_03_20_18_27_594.jpg,0,1,0,30.19061
D:\Madhav Rajpal\Sem 8 college\CV\Final Assignment\Data\IMG\center_2026_08_03_20_18_27_670.jpg,D:\Madhav Rajpal\Sem 8 college\CV\Final Assignment\Data\IMG\left_2026_08_03_20_18_27_670.jpg,D:\Madhav Rajpal\Sem 8 college\CV\Final Assignment\Data\IMG\right_2026_08_03_20_18_27_670.jpg,0,1,0,30.19022
D:\Madhav Rajpal\Sem 8 college\CV\Final Assignment\Data\IMG\center_2026_08_03_20_18_27_748.jpg,D:\Madhav Rajpal\Sem 8 college\CV\Final Assignment\Data\IMG\left_2026_08_03_20_18_27_748.jpg,D:\Madhav Rajpal\Sem 8 college\CV\Final Assignment\Data\IMG\right_2026_08_03_20_18_27_748.jpg,0,1,0,30.19026
D:\Madhav Rajpal\Sem 8 college\CV\Final Assignment\Data\IMG\center_2026_08_03_20_18_27_818.jpg,D:\Madhav Rajpal\Sem 8 college\CV\Final Assignment\Data\IMG\left_2026_08_03_20_18_27_818.jpg,D:\Madhav Rajpal\Sem 8 college\CV\Final Assignment\Data\IMG\right_2026_08_03_20_18_27_818.jpg,0,1,0,30.19031
D:\Madhav Rajpal\Sem 8 college\CV\Final Assignment\Data\IMG\center_2026_08_03_20_18_27_894.jpg,D:\Madhav Rajpal\Sem 8 college\CV\Final Assignment\Data\IMG\left_2026_08_03_20_18_27_894.jpg,D:\Madhav Rajpal\Sem 8 college\CV\Final Assignment\Data\IMG\right_2026_08_03_20_18_27_894.jpg,0,1,0,30.19031
D:\Madhav Rajpal\Sem 8 college\CV\Final Assignment\Data\IMG\center_2026_08_03_20_18_27_962.jpg,D:\Madhav Rajpal\Sem 8 college\CV\Final Assignment\Data\IMG\left_2026_08_03_20_18_27_962.jpg,D:\Madhav Rajpal\Sem 8 college\CV\Final Assignment\Data\IMG\right_2026_08_03_20_18_27_962.jpg,0,1,0,30.1903
D:\Madhav Rajpal\Sem 8 college\CV\Final Assignment\Data\IMG\center_2026_08_03_20_18_28_039.jpg,D:\Madhav Rajpal\Sem 8 college\CV\Final Assignment\Data\IMG\left_2026_08_03_20_18_28_039.jpg,D:\Madhav Rajpal\Sem 8 college\CV\Final Assignment\Data\IMG\right_2026_08_03_20_18_28_039.jpg,0,0.9675826,0,30.19027
D:\Madhav Rajpal\Sem 8 college\CV\Final Assignment\Data\IMG\center_2026_08_03_20_18_28_196.jpg,D:\Madhav Rajpal\Sem 8 college\CV\Final Assignment\Data\IMG\left_2026_08_03_20_18_28_196.jpg,D:\Madhav Rajpal\Sem 8 college\CV\Final Assignment\Data\IMG\right_2026_08_03_20_18_28_196.jpg,0,0.6181497,0,28.81154
